Date,CCI Value,CCI Rolling Mean,CCI Rolling Percent Change,CPI Value,CPI Rolling Mean,CPI Rolling Percent Change,Unemployment Rate (%),Unemployment Rate (%) Rolling Mean,Unemployment Rate Rolling Percent Change,CCI Rolling Percent Change Flag,CPI Rolling Percent Change Flag,Unemployment Rate Rolling Percent Change Flag,Economic Climate
1980-11-01,98.49612,97.38204416666667,-0.3497016245865625,85.6,81.59166666666667,13.584686774942,7.2,6.416666666666667,8.298171589310833,negative,positive,positive,Lean to Bad
1980-12-01,98.12267,97.44394666666666,-0.21124204612263942,86.4,82.38333333333334,13.50172215843859,7.3,6.533333333333334,10.578279266572643,negative,positive,positive,Lean to Bad
1981-01-01,97.97219,97.486225,-0.1021066575214391,87.2,83.15,13.321976149914839,7.4,6.658333333333332,13.012729844412995,negative,positive,positive,Lean to Bad
1981-02-01,97.87602,97.53790166666666,0.03335798980859117,88.0,83.9,13.085476805571172,7.5,6.791666666666667,15.439093484419274,positive,positive,positive,Lean to Bad
1981-03-01,97.97713,97.64326166666666,0.2542825299725493,88.6,84.60833333333333,12.748473070516365,7.6,6.925000000000001,17.705382436260653,positive,positive,positive,Lean to Bad
1981-04-01,98.29424,97.81017666666666,0.5583440305392928,89.1,85.29166666666667,12.373737373737391,7.6,7.05,19.491525423728785,positive,positive,positive,Lean to Bad
1981-05-01,98.57343,98.00327833333334,0.8818286628524907,89.7,85.95833333333333,11.985669308435543,7.6,7.158333333333332,20.646067415730318,positive,positive,positive,Lean to Bad
1981-06-01,98.66861,98.17116,1.1296072149598935,90.5,86.625,11.606184238780326,7.6,7.258333333333334,21.47838214783824,positive,positive,positive,Lean to Bad
1981-07-01,98.72352,98.29566999999999,1.2688760995671178,91.5,87.36666666666666,11.413390010626978,7.5,7.333333333333333,21.379310344827584,positive,positive,positive,Lean to Bad
1981-08-01,98.69816,98.36592416666666,1.3010599085293562,92.2,88.11666666666667,11.246712256707013,7.5,7.391666666666667,20.680272108843532,positive,positive,positive,Lean to Bad
1981-09-01,98.43214,98.37006666666667,1.222906926224443,93.1,88.88333333333333,11.104166666666648,7.5,7.441666666666666,19.70509383378014,positive,positive,positive,Lean to Bad
1981-10-01,98.03655,98.322565,1.0658120222366563,93.4,89.60833333333333,10.9128416709644,7.5,7.483333333333333,18.62615587846763,positive,positive,positive,Lean to Bad
1981-11-01,97.67525,98.25415916666667,0.8955603750804286,93.8,90.29166666666667,10.66285364109898,7.6,7.516666666666666,17.142857142857125,positive,positive,positive,Lean to Bad
1981-12-01,97.62931,98.21304583333334,0.7892734161287551,94.1,90.93333333333334,10.37831276552701,7.7,7.55,15.561224489795912,positive,positive,positive,Lean to Bad
1982-01-01,97.73609,98.19337083333333,0.7253802609890059,94.4,91.53333333333332,10.082180797755026,7.8,7.583333333333333,13.892365456821043,positive,positive,positive,Lean to Bad
1982-02-01,97.64794,98.17436416666668,0.6525283906302581,94.7,92.09166666666665,9.763607469209346,7.9,7.616666666666667,12.147239263803677,positive,positive,positive,Lean to Bad
1982-03-01,97.51769,98.1360775,0.5047105401043472,94.7,92.60000000000001,9.445484093371427,8.1,7.658333333333332,10.589651022864,positive,positive,positive,Lean to Bad
1982-04-01,97.55471,98.07445000000001,0.27019001737822457,95.0,93.09166666666668,9.145090376160248,8.2,7.708333333333333,9.338061465721047,positive,positive,positive,Lean to Bad
1982-05-01,97.62304,97.99525083333333,-0.008191052520412079,95.9,93.60833333333333,8.899660688318,8.4,7.775000000000001,8.614668218859167,negative,positive,positive,Lean to Bad
1982-06-01,97.61824,97.90772,-0.26834764914666076,97.0,94.14999999999999,8.686868686868676,8.6,7.858333333333333,8.266360505166471,negative,positive,positive,Lean to Bad
1982-07-01,97.63554,97.817055,-0.4869136148113018,97.5,94.64999999999999,8.336512781381145,8.8,7.966666666666666,8.636363636363619,negative,positive,positive,Lean to Bad
1982-08-01,97.76183,97.73902750000002,-0.6373108085727441,97.7,95.10833333333333,7.934556459239639,8.9,8.083333333333334,9.357384441939121,negative,positive,positive,Lean to Bad
1982-09-01,98.02283,97.70491833333334,-0.6761694444990418,97.7,95.49166666666667,7.434839677479865,9.1,8.216666666666667,10.414333706606937,negative,positive,positive,Lean to Bad
1982-10-01,98.25684,97.72327583333333,-0.6095133570474531,98.1,95.88333333333333,7.002696921789253,9.3,8.366666666666667,11.804008908685981,negative,positive,positive,Lean to Bad
1982-11-01,98.31488,97.77657833333332,-0.4860667857563561,98.0,96.23333333333333,6.580526072911863,9.5,8.525,13.414634146341475,negative,positive,positive,Lean to Bad
1982-12-01,98.31151,97.83342833333332,-0.3865245159428543,97.7,96.53333333333335,6.158357771261014,9.7,8.691666666666666,15.121412803532008,negative,positive,positive,Lean to Bad
1983-01-01,98.413,97.8898375,-0.30911794834758144,97.9,96.825,5.7811361981063625,9.9,8.866666666666667,16.92307692307693,negative,positive,positive,Lean to Bad
1983-02-01,98.81713,97.98727000000001,-0.19057334188490316,98.0,97.10000000000001,5.4384218622749225,10.0,9.041666666666666,18.70897155361049,negative,positive,positive,Lean to Bad
1983-03-01,99.47427,98.15031833333335,0.014511312960663325,98.1,97.38333333333333,5.165586753059737,10.1,9.208333333333334,20.2393906420022,positive,positive,positive,Lean to Bad
1983-04-01,100.1799,98.36908416666667,0.3004188824578202,98.8,97.69999999999999,4.950317787127356,10.2,9.375,21.62162162162162,positive,positive,positive,Lean to Bad
1983-05-01,100.6506,98.62138083333333,0.6389391268204481,99.2,97.97500000000001,4.664826849461412,10.3,9.533333333333333,22.615219721329026,positive,positive,positive,Lean to Bad
1983-06-01,100.7997,98.8865025,0.9996990022850261,99.4,98.17500000000001,4.275092936802993,10.3,9.674999999999999,23.11770943796394,positive,positive,positive,Lean to Bad
1983-07-01,100.7635,99.14716583333335,1.359794397135916,99.8,98.36666666666667,3.926747666842778,10.3,9.8,23.01255230125525,positive,positive,positive,Lean to Bad
1983-08-01,100.6219,99.38550499999998,1.6845650525834754,100.1,98.56666666666666,3.636204328397441,10.3,9.916666666666666,22.680412371134008,positive,positive,positive,Lean to Bad
1983-09-01,100.5053,99.5923775,1.9317954498742296,100.4,98.79166666666667,3.455798935334675,10.2,10.008333333333335,21.805273833671414,positive,positive,positive,Lean to Bad
1983-10-01,100.5121,99.78031583333335,2.1049642293083703,100.8,99.01666666666667,3.2678602468277473,10.0,10.066666666666668,20.318725099601597,positive,positive,positive,Lean to Bad
1983-11-01,100.7065,99.97961750000002,2.2531358779566357,101.1,99.27499999999999,3.1607204710772274,9.8,10.091666666666667,18.37732160312806,positive,positive,positive,Lean to Bad
1983-12-01,101.0412,100.20709166666667,2.4262293305780114,101.4,99.58333333333333,3.1595303867403057,9.6,10.083333333333334,16.011505273250258,positive,positive,positive,Lean to Bad
1984-01-01,101.3756,100.45397500000001,2.619411335727273,102.1,99.93333333333332,3.210259058438747,9.4,10.041666666666666,13.251879699248104,positive,positive,positive,Lean to Bad
1984-02-01,101.5079,100.67820583333332,2.746209618181328,102.6,100.31666666666666,3.312736010985229,9.2,9.975,10.322580645161295,positive,positive,positive,Lean to Bad
1984-03-01,101.5376,100.85015,2.750711064937783,102.9,100.71666666666665,3.4228991956186894,9.0,9.883333333333335,7.330316742081444,positive,positive,positive,Lean to Bad
1984-04-01,101.4151,100.95308333333332,2.626840728016333,103.3,101.09166666666668,3.471511429546248,8.7,9.758333333333333,4.088888888888875,positive,positive,positive,Lean to Bad
1984-05-01,101.3366,101.01025,2.422262947933951,103.5,101.45,3.5468231691758056,8.5,9.608333333333334,0.786713286713292,positive,positive,positive,Lean to Bad
1984-06-01,101.2879,101.05093333333333,2.1888031011444875,103.7,101.80833333333332,3.700874289109568,8.3,9.441666666666666,-2.4117140396210046,positive,positive,negative,Comfortable to Good
1984-07-01,101.3591,101.10056666666667,1.9702034010906422,104.1,102.16666666666667,3.8630972551677356,8.2,9.266666666666666,-5.442176870748316,positive,positive,negative,Comfortable to Good
1984-08-01,101.486,101.17257500000001,1.7981193535214546,104.4,102.52499999999999,4.015894487656402,8.0,9.075000000000001,-8.487394957983174,positive,positive,negative,Comfortable to Good
1984-09-01,101.5086,101.25618333333334,1.6706156385646542,104.7,102.88333333333333,4.141712357654992,7.9,8.883333333333333,-11.240632805995022,positive,positive,negative,Comfortable to Good
1984-10-01,101.3406,101.32522499999999,1.5483105598173896,105.1,103.24166666666667,4.266958424507661,7.8,8.7,-13.576158940397375,positive,positive,negative,Comfortable to Good
1984-11-01,101.1586,101.36289999999998,1.3835645050352063,105.3,103.59166666666668,4.348191051792183,7.7,8.525,-15.524360033030549,positive,positive,negative,Comfortable to Good
1984-12-01,101.0269,101.36170833333334,1.152230493334172,105.5,103.93333333333334,4.368200836820102,7.6,8.358333333333334,-17.10743801652892,positive,positive,negative,Comfortable to Good
1985-01-01,101.0086,101.331125,0.8731859540650255,105.7,104.23333333333335,4.302868579052732,7.5,8.200000000000001,-18.34024896265558,positive,positive,negative,Comfortable to Good
1985-02-01,100.9657,101.28594166666666,0.603641898763474,106.3,104.54166666666667,4.211663066954663,7.4,8.049999999999999,-19.298245614035093,positive,positive,negative,Comfortable to Good
1985-03-01,100.9442,101.23649166666667,0.3830848706389389,106.8,104.86666666666667,4.120469965249063,7.4,7.916666666666667,-19.89881956155144,positive,positive,negative,Comfortable to Good
1985-04-01,100.9453,101.19734166666667,0.24195232603925199,107.0,105.175,4.039238315060567,7.3,7.800000000000001,-20.068317677198966,positive,positive,negative,Comfortable to Good
1985-05-01,100.9463,101.16481666666665,0.15302077429435457,107.2,105.48333333333333,3.975685887957936,7.3,7.699999999999999,-19.861231569817882,positive,positive,negative,Comfortable to Good
1985-06-01,101.0066,101.141375,0.08950107008742769,107.5,105.80000000000001,3.9207661455349374,7.3,7.616666666666666,-19.329214474845546,positive,positive,negative,Comfortable to Good
1985-07-01,100.9353,101.10605833333334,0.005431885149342897,107.7,106.10000000000001,3.8499184339314985,7.3,7.541666666666667,-18.61510791366905,positive,positive,negative,Comfortable to Good
1985-08-01,100.7866,101.047775,-0.1233535866809854,107.9,106.39166666666667,3.77143786068439,7.3,7.483333333333333,-17.539026629935726,negative,positive,negative,Lean to Bad
1985-09-01,100.6355,100.97501666666666,-0.277678515435531,108.1,106.67500000000001,3.6854041794913472,7.3,7.433333333333334,-16.32270168855534,negative,positive,negative,Lean to Bad
1985-10-01,100.5373,100.908075,-0.41169412651193005,108.5,106.95833333333333,3.59996771329405,7.2,7.383333333333334,-15.13409961685822,negative,positive,negative,Lean to Bad
1985-11-01,100.6435,100.86515000000001,-0.49105737898182955,109.0,107.26666666666667,3.54758265626256,7.2,7.341666666666666,-13.880742913000987,negative,positive,negative,Lean to Bad
1985-12-01,100.8623,100.85143333333333,-0.5034198894141917,109.5,107.60000000000001,3.527902501603597,7.2,7.308333333333334,-12.562313060817553,negative,positive,negative,Lean to Bad
1986-01-01,101.0477,100.85469166666667,-0.4701747200905326,109.9,107.94999999999999,3.5657179405180317,7.1,7.2749999999999995,-11.28048780487807,negative,positive,negative,Lean to Bad
1986-02-01,101.1361,100.86889166666667,-0.4117550699903716,109.7,108.23333333333333,3.531287365484248,7.1,7.25,-9.937888198757749,negative,positive,negative,Lean to Bad
1986-03-01,101.1612,100.886975,-0.34524770753364686,109.1,108.425,3.393197711379514,7.1,7.224999999999999,-8.736842105263175,negative,positive,negative,Lean to Bad
1986-04-01,101.2016,100.90833333333332,-0.2855888589300304,108.7,108.56666666666666,3.2247840900087255,7.1,7.208333333333333,-7.585470085470103,negative,positive,negative,Lean to Bad
1986-05-01,101.2608,100.93454166666668,-0.22762360234261925,109.0,108.71666666666665,3.065255174593129,7.1,7.191666666666666,-6.601731601731597,negative,positive,negative,Lean to Bad
1986-06-01,101.3571,100.96374999999999,-0.1756205113881526,109.4,108.875,2.9064272211720033,7.1,7.175000000000001,-5.798687089715527,negative,positive,negative,Lean to Bad
1986-07-01,101.2988,100.99404166666666,-0.11079125080454277,109.5,109.02499999999999,2.7568331762487963,7.1,7.158333333333334,-5.082872928176785,negative,positive,negative,Lean to Bad
1986-08-01,101.1197,101.02179999999998,-0.025705662494812653,109.6,109.16666666666667,2.608286989895836,7.0,7.133333333333333,-4.677060133630295,negative,positive,negative,Lean to Bad
1986-09-01,100.9487,101.04790000000001,0.07217957049112655,110.0,109.32499999999999,2.484180923365331,7.0,7.108333333333333,-4.372197309417047,positive,positive,negative,Comfortable to Good
1986-10-01,100.8575,101.07458333333334,0.16500991950678667,110.2,109.46666666666665,2.345149980521999,7.0,7.091666666666666,-3.950338600451486,positive,positive,negative,Comfortable to Good
1986-11-01,100.6767,101.07735000000001,0.2103798983097649,110.4,109.58333333333333,2.159726538222495,7.0,7.075,-3.6322360953461863,positive,positive,negative,Comfortable to Good
1986-12-01,100.5248,101.04922499999999,0.19612182011625734,110.8,109.69166666666666,1.943928128872363,7.0,7.058333333333334,-3.420752565564422,positive,positive,negative,Comfortable to Good
1987-01-01,100.4927,101.002975,0.14702670830963882,111.4,109.81666666666666,1.7291956152539756,7.0,7.05,-3.0927835051546393,positive,positive,negative,Comfortable to Good
1987-02-01,100.5229,100.95187499999999,0.08226850911334793,111.8,109.99166666666667,1.6245765321835526,6.9,7.033333333333334,-2.9885057471264243,positive,positive,negative,Comfortable to Good
1987-03-01,100.5955,100.90473333333334,0.017602206165201473,112.2,110.25,1.6831911459534332,6.9,7.016666666666667,-2.8835063437139374,positive,positive,negative,Comfortable to Good
1987-04-01,100.675,100.86085000000001,-0.04705590882811972,112.7,110.58333333333333,1.857537611298743,6.8,6.991666666666666,-3.0057803468208077,negative,positive,negative,Lean to Bad
1987-05-01,100.7078,100.81476666666667,-0.11866601663041987,113.0,110.91666666666667,2.023608768971341,6.8,6.966666666666668,-3.1286210892236266,negative,positive,negative,Lean to Bad
1987-06-01,100.7798,100.76665833333334,-0.19521032713885056,113.5,111.25833333333333,2.189054726368145,6.7,6.933333333333333,-3.368176538908263,negative,positive,negative,Lean to Bad
1987-07-01,100.8821,100.73193333333334,-0.2595285117892532,113.8,111.61666666666666,2.3771306275319093,6.6,6.891666666666667,-3.72526193247964,negative,positive,negative,Lean to Bad
1987-08-01,100.8868,100.71252500000001,-0.3061467920785099,114.3,112.00833333333334,2.6030534351145107,6.5,6.8500000000000005,-3.971962616822411,negative,positive,negative,Lean to Bad
1987-09-01,100.7043,100.69215833333332,-0.35205250843084457,114.7,112.39999999999999,2.8127143837182844,6.4,6.8,-4.337631887456039,negative,positive,negative,Lean to Bad
1987-10-01,100.3618,100.65084999999999,-0.41922837508606703,115.0,112.8,3.0450669914738215,6.4,6.75,-4.81786133960046,negative,positive,negative,Lean to Bad
1987-11-01,100.091,100.60204166666665,-0.4702421792155853,115.4,113.21666666666665,3.3155893536121583,6.3,6.691666666666666,-5.418138987043585,negative,positive,negative,Lean to Bad
1987-12-01,100.162,100.57180833333332,-0.4724595034416801,115.6,113.61666666666666,3.5782116538782827,6.2,6.625,-6.139315230224329,negative,positive,negative,Lean to Bad
1988-01-01,100.4216,100.56588333333333,-0.4327512795209043,116.0,114.0,3.809379268477775,6.1,6.55,-7.092198581560282,negative,positive,negative,Lean to Bad
1988-02-01,100.6591,100.57723333333333,-0.37110917124288934,116.2,114.36666666666666,3.977574058640787,6.0,6.474999999999999,-7.938388625592441,negative,positive,negative,Lean to Bad
1988-03-01,100.82,100.59594166666666,-0.30602297480595286,116.5,114.72500000000001,4.058956916099787,6.0,6.3999999999999995,-8.78859857482186,negative,positive,negative,Lean to Bad
1988-04-01,100.8632,100.611625,-0.2470978580886518,117.2,115.10000000000001,4.084400904295404,5.9,6.325,-9.535160905840279,negative,positive,negative,Lean to Bad
1988-05-01,100.9547,100.63220000000001,-0.1810911959656658,117.5,115.47500000000001,4.109691960931627,5.8,6.241666666666666,-10.40669856459332,negative,positive,negative,Lean to Bad
1988-06-01,101.022,100.65238333333333,-0.11340556677188474,118.0,115.85000000000001,4.1270316830200215,5.8,6.166666666666667,-11.05769230769229,negative,positive,negative,Lean to Bad
1988-07-01,101.0891,100.66963333333332,-0.06184731885753303,118.5,116.24166666666667,4.143646408839796,5.7,6.091666666666666,-11.608222490931086,negative,positive,negative,Lean to Bad
1988-08-01,101.1967,100.69545833333332,-0.01694592273076001,119.0,116.63333333333333,4.129157056766597,5.7,6.0249999999999995,-12.043795620437969,negative,positive,negative,Lean to Bad
1988-09-01,101.1816,100.73523333333334,0.04277890226309644,119.5,117.03333333333335,4.122182680901565,5.6,5.958333333333333,-12.377450980392158,positive,positive,negative,Comfortable to Good
1988-10-01,101.042,100.79191666666667,0.14015447129027692,119.9,117.44166666666668,4.114952718676146,5.6,5.891666666666667,-12.716049382716054,positive,positive,negative,Comfortable to Good
1988-11-01,100.9409,100.86274166666668,0.2591398700076297,120.3,117.85000000000001,4.092448108346836,5.5,5.825,-12.951432129514318,positive,positive,negative,Comfortable to Good
1988-12-01,100.9674,100.92985833333334,0.3560142806752653,120.7,118.27500000000002,4.100044007628023,5.5,5.766666666666667,-12.955974842767294,positive,positive,negative,Comfortable to Good
1989-01-01,101.1073,100.98700000000001,0.4187470469193322,121.2,118.70833333333333,4.130116959064334,5.5,5.716666666666666,-12.722646310432584,positive,positive,negative,Comfortable to Good
1989-02-01,101.0873,101.02268333333335,0.4428934712527921,121.6,119.15833333333335,4.189740600408065,5.4,5.666666666666667,-12.483912483912462,positive,positive,negative,Comfortable to Good
1989-03-01,100.9435,101.03297500000001,0.43444429873871204,122.2,119.63333333333334,4.278346771264618,5.4,5.616666666666667,-12.239583333333314,positive,positive,negative,Comfortable to Good
1989-04-01,100.7469,101.02328333333332,0.4091558339638368,123.1,120.125,4.365768896611644,5.4,5.575,-11.857707509881422,positive,positive,negative,Comfortable to Good
1989-05-01,100.6164,100.99509166666667,0.36061187837159725,123.7,120.64166666666667,4.4742729306487705,5.3,5.533333333333334,-11.348464619492638,positive,positive,negative,Comfortable to Good
1989-06-01,100.5844,100.958625,0.30425674636285205,124.1,121.14999999999999,4.574881312041423,5.3,5.491666666666667,-10.945945945945946,positive,positive,negative,Comfortable to Good
1989-07-01,100.6331,100.92062500000002,0.24932212262620546,124.5,121.64999999999999,4.652663273352919,5.3,5.458333333333333,-10.396716826265385,positive,positive,negative,Comfortable to Good
1989-08-01,100.7144,100.88043333333333,0.18369746070143744,124.5,122.10833333333333,4.694198342383538,5.3,5.425,-9.958506224066388,positive,positive,negative,Comfortable to Good
1989-09-01,100.8666,100.85418333333332,0.11808182307611048,124.8,122.55,4.7137567644545575,5.3,5.3999999999999995,-9.37062937062938,positive,positive,negative,Comfortable to Good
1989-10-01,100.8494,100.83813333333335,0.04585354480313164,125.4,123.00833333333333,4.73994181508548,5.3,5.375,-8.769448373408773,positive,positive,negative,Comfortable to Good
1989-11-01,100.7252,100.82015833333332,-0.04221909163849569,125.9,123.47500000000001,4.773016546457365,5.3,5.358333333333333,-8.01144492131617,negative,positive,negative,Lean to Bad
1989-12-01,100.6509,100.79378333333334,-0.13482135241942306,126.3,123.94166666666666,4.791094201366852,5.3,5.341666666666668,-7.369942196531776,negative,positive,negative,Lean to Bad
1990-01-01,100.6483,100.75553333333333,-0.2292044190506437,127.5,124.46666666666665,4.850824850824842,5.3,5.325,-6.851311953352757,negative,positive,negative,Lean to Bad
1990-02-01,100.6302,100.71744166666667,-0.3021516124844026,128.0,125.0,4.902440730120983,5.3,5.316666666666666,-6.176470588235306,negative,positive,negative,Lean to Bad
1990-03-01,100.6992,100.69708333333335,-0.3324574641760836,128.6,125.53333333333332,4.931735859570896,5.3,5.308333333333333,-5.48961424332346,negative,positive,negative,Lean to Bad
1990-04-01,100.7518,100.69749166666668,-0.32249166322546596,128.9,126.01666666666667,4.904613250086709,5.3,5.3,-4.932735426008971,negative,positive,negative,Lean to Bad
1990-05-01,100.6218,100.69794166666667,-0.29422221921511227,129.1,126.46666666666665,4.828348414726791,5.3,5.3,-4.216867469879537,negative,positive,negative,Lean to Bad
1990-06-01,100.336,100.67724166666666,-0.2787115348820701,129.9,126.95,4.787453569954603,5.3,5.3,-3.490136570561464,negative,positive,negative,Lean to Bad
1990-07-01,99.85313,100.61224416666666,-0.3055677006888913,130.5,127.45,4.767776407727098,5.4,5.308333333333334,-2.7480916030534264,negative,positive,negative,Lean to Bad
1990-08-01,99.07843,100.47591333333334,-0.4009895543007458,131.6,128.04166666666666,4.859073227325461,5.4,5.316666666666666,-1.9969278033794224,negative,positive,negative,Lean to Bad
1990-09-01,98.33419,100.26487916666667,-0.584313061877606,132.5,128.68333333333334,5.004759961920313,5.4,5.325,-1.3888888888888729,negative,positive,negative,Lean to Bad
1990-10-01,97.73936,100.00570916666668,-0.8255053313164673,133.4,129.35,5.155477271187592,5.5,5.341666666666666,-0.6201550387597066,negative,positive,negative,Lean to Bad
1990-11-01,97.52813,99.73928666666667,-1.0720789220475702,133.7,130.0,5.284470540595265,5.5,5.358333333333333,0.0,negative,positive,negative,Lean to Bad
1990-12-01,97.59235,99.48440749999999,-1.2990640791834651,134.2,130.65833333333333,5.419216029045915,5.6,5.383333333333333,0.7800312012480326,negative,positive,positive,Lean to Bad
1991-01-01,97.94108,99.25880583333333,-1.4855040219461935,134.7,131.25833333333333,5.456614890198175,5.7,5.416666666666667,1.7214397496087663,negative,positive,positive,Lean to Bad
1991-02-01,98.57729,99.08772999999998,-1.6181027235186995,134.8,131.825,5.459999999999998,5.8,5.458333333333333,2.6645768025078453,negative,positive,positive,Lean to Bad
1991-03-01,99.30277,98.97136083333334,-1.7137760527655255,134.8,132.34166666666667,5.423526287838576,6.0,5.516666666666667,3.9246467817896535,negative,positive,positive,Lean to Bad
1991-04-01,99.50769,98.867685,-1.8171323201612521,135.1,132.85833333333332,5.429176034916017,6.1,5.583333333333333,5.345911949685522,negative,positive,positive,Lean to Bad
1991-05-01,99.49062,98.77342,-1.9111827260951064,135.6,133.4,5.482340537691099,6.2,5.658333333333334,6.761006289308202,negative,positive,positive,Lean to Bad
1991-06-01,99.55604,98.70842333333333,-1.955574368884594,136.0,133.90833333333333,5.4811605619009995,6.3,5.741666666666667,8.333333333333348,negative,positive,positive,Lean to Bad
1991-07-01,99.61755,98.68879166666666,-1.9117479347878885,136.2,134.38333333333333,5.440041846475729,6.4,5.825,9.733124018838302,negative,positive,positive,Lean to Bad
1991-08-01,99.58176,98.73073583333333,-1.7369113074994447,136.6,134.79999999999998,5.278229742922225,6.5,5.916666666666667,11.285266457680265,negative,positive,positive,Lean to Bad
1991-09-01,99.38139,98.81800249999999,-1.4430543164188014,137.0,135.17499999999998,5.044683331174693,6.6,6.016666666666667,12.989045383411568,negative,positive,positive,Lean to Bad
1991-10-01,98.90459,98.915105,-1.0905419058117038,137.2,135.49166666666665,4.748099471717548,6.7,6.116666666666667,14.508580343213762,negative,positive,positive,Lean to Bad
1991-11-01,98.31365,98.980565,-0.7607049258356535,137.8,135.83333333333334,4.487179487179493,6.8,6.2250000000000005,16.17418351477451,negative,positive,positive,Lean to Bad
1991-12-01,97.96596,99.01169916666667,-0.47515821344497056,138.2,136.16666666666666,4.215830091204786,6.9,6.333333333333333,17.647058823529417,negative,positive,positive,Lean to Bad
1992-01-01,97.91716,99.00970583333333,-0.250960101633968,138.3,136.46666666666667,3.968002031617046,7.0,6.441666666666667,18.92307692307693,negative,positive,positive,Lean to Bad
1992-02-01,98.16246,98.97513666666667,-0.1136299452347056,138.6,136.78333333333333,3.7612997028889428,7.0,6.541666666666667,19.84732824427482,negative,positive,positive,Lean to Bad
1992-03-01,98.60257,98.91678666666667,-0.05514137242041972,139.1,137.14166666666665,3.6269756312574675,7.1,6.633333333333333,20.241691842900302,negative,positive,positive,Lean to Bad
1992-04-01,98.95219,98.87049499999999,0.0028421824582958166,139.4,137.5,3.4936962930439686,7.1,6.716666666666666,20.298507462686555,positive,positive,positive,Lean to Bad
1992-05-01,99.15125,98.84221416666666,0.06964846075661058,139.7,137.84166666666667,3.3295852073963017,7.2,6.8,20.176730486008807,positive,positive,positive,Lean to Bad
1992-06-01,99.15711,98.80896999999999,0.10186229631803378,140.1,138.18333333333334,3.192482419565623,7.3,6.883333333333333,19.88388969521042,positive,positive,positive,Lean to Bad
1992-07-01,98.98209,98.756015,0.0681164823259861,140.5,138.54166666666666,3.094381743767838,7.3,6.958333333333332,19.456366237482104,positive,positive,positive,Lean to Bad
1992-08-01,98.82939,98.69331749999999,-0.037899376539141105,140.8,138.89166666666668,3.035361028684491,7.4,7.033333333333334,18.873239436619716,negative,positive,positive,Lean to Bad
1992-09-01,98.81889,98.64644249999999,-0.17361209057024096,141.1,139.23333333333332,3.0022809937735095,7.5,7.108333333333333,18.144044321329634,negative,positive,positive,Lean to Bad
1992-10-01,99.08066,98.661115,-0.2567757472430543,141.7,139.60833333333332,3.038317239682642,7.5,7.175,17.302452316076277,negative,positive,positive,Lean to Bad
1992-11-01,99.70637,98.777175,-0.20548478380578716,142.1,139.96666666666667,3.0429447852760694,7.5,7.233333333333333,16.198125836680056,negative,positive,positive,Lean to Bad
1992-12-01,100.2155,98.96463666666666,-0.0475322617388807,142.3,140.30833333333334,3.041615667074682,7.5,7.283333333333334,15.000000000000014,negative,positive,positive,Lean to Bad
1993-01-01,100.3488,99.16727333333334,0.15914348868508732,142.8,140.68333333333334,3.08988764044944,7.5,7.325,13.712807244501924,positive,positive,positive,Lean to Bad
1993-02-01,100.2325,99.33977666666668,0.36841575801815907,143.1,141.05833333333334,3.125380772511277,7.5,7.366666666666667,12.611464968152863,positive,positive,positive,Lean to Bad
1993-03-01,100.0449,99.45997083333334,0.5491324425015209,143.3,141.40833333333333,3.111138117518397,7.5,7.3999999999999995,11.557788944723612,positive,positive,positive,Lean to Bad
1993-04-01,99.81275,99.53168416666666,0.6687426483165337,143.8,141.775,3.109090909090906,7.4,7.425000000000001,10.545905707196045,positive,positive,positive,Lean to Bad
1993-05-01,99.51616,99.56209333333334,0.7283114534978097,144.2,142.15,3.125566773471977,7.4,7.441666666666666,9.43627450980391,positive,positive,positive,Lean to Bad
1993-06-01,99.28551,99.57279333333334,0.7730303567918373,144.3,142.5,3.1238692558195558,7.3,7.441666666666667,8.111380145278456,positive,positive,positive,Lean to Bad
1993-07-01,99.07123,99.58022166666666,0.8345888264797319,144.5,142.83333333333334,3.097744360902266,7.3,7.441666666666667,6.946107784431166,positive,positive,positive,Lean to Bad
1993-08-01,99.01629,99.59579666666667,0.914427835163889,144.8,143.16666666666666,3.077938441231165,7.2,7.425,5.5687203791469075,positive,positive,positive,Lean to Bad
1993-09-01,99.1385,99.62243083333334,0.9893801627294918,145.0,143.49166666666665,3.0584151304764218,7.1,7.391666666666667,3.98593200468933,positive,positive,positive,Lean to Bad
1993-10-01,99.42087,99.65078166666666,1.003096981689966,145.6,143.8166666666667,3.0143854831970573,7.1,7.358333333333333,2.5551684088269466,positive,positive,positive,Lean to Bad
1993-11-01,99.76032,99.65527750000001,0.8889730851282307,146.0,144.14166666666668,2.982853060252455,7.0,7.316666666666666,1.1520737327188835,positive,positive,positive,Lean to Bad
1993-12-01,100.2529,99.65839416666667,0.7010155580490007,146.3,144.475,2.9696501752093596,6.9,7.266666666666667,-0.22883295194509046,positive,positive,negative,Comfortable to Good
1994-01-01,100.6771,99.68575249999999,0.5228329359463935,146.3,144.76666666666668,2.9024997038265665,6.8,7.208333333333333,-1.5927189988623525,positive,positive,negative,Comfortable to Good
1994-02-01,100.8286,99.7354275,0.398280373289861,146.7,145.06666666666666,2.8416139894842596,6.8,7.1499999999999995,-2.941176470588247,positive,positive,negative,Comfortable to Good
1994-03-01,100.8177,99.79982749999999,0.3417019568969559,147.1,145.38333333333333,2.8110083092698357,6.7,7.083333333333333,-4.2792792792792795,positive,positive,negative,Comfortable to Good
1994-04-01,100.7878,99.88108166666666,0.35104148284572645,147.2,145.66666666666666,2.744959736671948,6.7,7.0249999999999995,-5.387205387205407,positive,positive,negative,Comfortable to Good
1994-05-01,100.7249,99.98181,0.4215627179125825,147.5,145.94166666666666,2.667370148903725,6.6,6.958333333333333,-6.494960806270999,positive,positive,negative,Comfortable to Good
1994-06-01,100.6179,100.0928425,0.5222803832827472,147.9,146.24166666666667,2.6257309941520424,6.5,6.891666666666666,-7.390817469204947,positive,positive,negative,Comfortable to Good
1994-07-01,100.5448,100.21564,0.6380969259742297,148.4,146.56666666666666,2.6137689614935677,6.5,6.824999999999999,-8.286674132138872,positive,positive,negative,Comfortable to Good
1994-08-01,100.5911,100.34687416666667,0.7541257012218638,149.0,146.91666666666666,2.6193247962747357,6.4,6.758333333333333,-8.978675645342316,positive,positive,negative,Comfortable to Good
1994-09-01,100.6623,100.4738575,0.854653575047859,149.3,147.275,2.6366223357918717,6.3,6.691666666666666,-9.470124013528746,positive,positive,negative,Comfortable to Good
1994-10-01,100.7571,100.58521,0.9377029639958234,149.4,147.59166666666667,2.6248696256808257,6.3,6.625,-9.966024915062288,positive,positive,negative,Comfortable to Good
1994-11-01,100.8722,100.67786666666666,1.026126455436982,149.8,147.90833333333333,2.6131699138578934,6.2,6.558333333333334,-10.364464692482912,positive,positive,negative,Comfortable to Good
1994-12-01,101.05,100.74429166666665,1.0896197044716116,150.1,148.225,2.5956047759127854,6.1,6.491666666666666,-10.6651376146789,positive,positive,negative,Comfortable to Good
1995-01-01,101.1327,100.78225833333335,1.0999624377950656,150.5,148.57500000000002,2.630670043748573,6.0,6.425,-10.867052023121381,positive,positive,negative,Comfortable to Good
1995-02-01,100.9988,100.79644166666667,1.0638287650260203,150.9,148.92499999999998,2.659696691176472,5.9,6.3500000000000005,-11.188811188811176,positive,positive,negative,Comfortable to Good
1995-03-01,100.7761,100.792975,0.995139495606856,151.2,149.26666666666668,2.6710993924108806,5.8,6.2749999999999995,-11.411764705882355,positive,positive,negative,Comfortable to Good
1995-04-01,100.6795,100.78394999999999,0.903943287625264,151.8,149.65,2.73455377574372,5.8,6.199999999999999,-11.74377224199289,positive,positive,negative,Comfortable to Good
1995-05-01,100.6668,100.77910833333333,0.797443388285668,152.1,150.03333333333333,2.803631587963218,5.8,6.133333333333334,-11.856287425149691,positive,positive,negative,Comfortable to Good
1995-06-01,100.7947,100.79384166666667,0.7003489451972156,152.4,150.40833333333333,2.849165194597969,5.7,6.066666666666666,-11.970979443772666,positive,positive,negative,Comfortable to Good
1995-07-01,100.9129,100.82451666666668,0.6075665102440064,152.6,150.75833333333335,2.859904480327513,5.7,6.0,-12.087912087912079,positive,positive,negative,Comfortable to Good
1995-08-01,100.8787,100.84848333333333,0.4998752286329733,152.9,151.08333333333334,2.8360748723766482,5.7,5.941666666666666,-12.083847102342782,positive,positive,negative,Comfortable to Good
1995-09-01,100.64,100.846625,0.37100944392427504,153.1,151.4,2.8008827024274208,5.7,5.891666666666667,-11.955168119551674,positive,positive,negative,Comfortable to Good
1995-10-01,100.4822,100.82371666666667,0.23711902243546135,153.5,151.74166666666667,2.811811868330416,5.6,5.833333333333333,-11.949685534591204,positive,positive,negative,Comfortable to Good
1995-11-01,100.4038,100.78468333333332,0.10609746730163572,153.7,152.06666666666666,2.811425995830752,5.6,5.783333333333334,-11.817026683608633,positive,positive,negative,Comfortable to Good
1995-12-01,100.428,100.73285,-0.011357136446510374,153.9,152.38333333333333,2.805419688536581,5.7,5.75,-11.424903722721435,negative,positive,negative,Lean to Bad
1996-01-01,100.4444,100.67549166666667,-0.10593795816079554,154.7,152.73333333333332,2.7988109260193905,5.7,5.7250000000000005,-10.89494163424124,negative,positive,negative,Lean to Bad
1996-02-01,100.5161,100.63526666666667,-0.1599014780035657,155.0,153.07500000000002,2.7866375692462864,5.7,5.708333333333333,-10.104986876640432,negative,positive,negative,Lean to Bad
1996-03-01,100.6619,100.62575,-0.16590938009320988,155.5,153.43333333333334,2.7914247431889194,5.7,5.7,-9.163346613545809,negative,positive,negative,Lean to Bad
1996-04-01,100.6907,100.62668333333335,-0.15604336470900204,156.1,153.79166666666666,2.7675687715781105,5.7,5.691666666666666,-8.198924731182789,negative,positive,negative,Lean to Bad
1996-05-01,100.67,100.62695000000001,-0.1509820198349443,156.4,154.15,2.7438347033992505,5.6,5.675000000000001,-7.472826086956519,negative,positive,negative,Lean to Bad
1996-06-01,100.7788,100.625625,-0.16689180994109432,156.7,154.50833333333335,2.725912792952534,5.6,5.666666666666667,-6.593406593406581,negative,positive,negative,Lean to Bad
1996-07-01,100.9385,100.62775833333332,-0.1951492948722544,157.0,154.875,2.730639544524882,5.6,5.658333333333332,-5.694444444444457,negative,positive,negative,Lean to Bad
1996-08-01,101.0589,100.64277499999999,-0.20397761724727514,157.2,155.23333333333332,2.746828461114159,5.5,5.641666666666667,-5.049088359046284,negative,positive,negative,Lean to Bad
1996-09-01,101.1498,100.68525833333335,-0.16001196536488127,157.7,155.61666666666665,2.7851166886833756,5.5,5.625,-4.526166902404527,negative,positive,negative,Lean to Bad
1996-10-01,101.2722,100.75109166666665,-0.07203166318507925,158.2,156.00833333333333,2.8117963644351596,5.5,5.616666666666667,-3.7142857142857033,negative,positive,negative,Lean to Bad
1996-11-01,101.3763,100.83213333333335,0.0470805666403562,158.7,156.42499999999998,2.8660675142481384,5.5,5.608333333333333,-3.02593659942364,positive,positive,negative,Comfortable to Good
1996-12-01,101.3916,100.91243333333334,0.17827683157316532,159.1,156.85833333333332,2.9366728644864892,5.5,5.591666666666666,-2.753623188405807,positive,positive,negative,Comfortable to Good
1997-01-01,101.4424,100.99559999999998,0.31796053640660293,159.4,157.25,2.9572239196857364,5.4,5.566666666666666,-2.765647743813693,positive,positive,negative,Comfortable to Good
1997-02-01,101.5605,101.08263333333333,0.44454263548432404,159.7,157.64166666666665,2.983287059720152,5.4,5.541666666666667,-2.9197080291970656,positive,positive,negative,Comfortable to Good
1997-03-01,101.6935,101.16860000000001,0.5394742399435604,159.8,158.0,2.9763197914403516,5.4,5.516666666666667,-3.2163742690058506,positive,positive,negative,Comfortable to Good
1997-04-01,101.8585,101.26591666666667,0.6352523129633747,159.9,158.31666666666666,2.9422920617718784,5.3,5.483333333333333,-3.660322108345526,positive,positive,negative,Comfortable to Good
1997-05-01,102.0449,101.38049166666667,0.7488467718306691,159.9,158.60833333333332,2.8922045626554205,5.3,5.458333333333333,-3.8179148311307087,positive,positive,negative,Comfortable to Good
1997-06-01,102.2148,101.50015833333333,0.8690960511632317,160.2,158.9,2.842349387843157,5.3,5.433333333333334,-4.117647058823525,positive,positive,negative,Comfortable to Good
1997-07-01,102.3291,101.61604166666667,0.9821180057093537,160.4,159.1833333333333,2.78181329028786,5.2,5.3999999999999995,-4.565537555228271,positive,positive,negative,Comfortable to Good
1997-08-01,102.3318,101.72211666666668,1.0724482375080502,160.8,159.48333333333335,2.737814043375586,5.2,5.375,-4.726735598227472,positive,positive,negative,Comfortable to Good
1997-09-01,102.3427,101.821525,1.1285332981963103,161.2,159.775,2.6721645068009225,5.1,5.341666666666666,-5.0370370370370505,positive,positive,negative,Comfortable to Good
1997-10-01,102.3358,101.91015833333334,1.1504259134992312,161.5,160.04999999999998,2.5906735751295207,5.1,5.308333333333333,-5.48961424332346,positive,positive,negative,Comfortable to Good
1997-11-01,102.3174,101.98858333333332,1.1469062111152173,161.7,160.29999999999998,2.4772255074316796,5.0,5.266666666666667,-6.092124814264488,positive,positive,negative,Comfortable to Good
1997-12-01,102.2857,102.06309166666666,1.1402542732593446,161.8,160.525,2.3375657440365627,5.0,5.225,-6.5573770491803245,positive,positive,negative,Comfortable to Good
1998-01-01,102.4385,102.1461,1.1391585375996716,162.0,160.74166666666665,2.2204557498675115,4.9,5.183333333333334,-6.886227544910173,positive,positive,negative,Comfortable to Good
1998-02-01,102.602,102.23289166666667,1.1379386304076755,162.0,160.9333333333333,2.088068932706033,4.9,5.141666666666667,-7.218045112781956,positive,positive,negative,Comfortable to Good
1998-03-01,102.6096,102.30923333333334,1.1274578607723518,162.0,161.11666666666665,1.9725738396624282,4.8,5.091666666666667,-7.703927492447127,positive,positive,negative,Comfortable to Good
1998-04-01,102.5881,102.37003333333332,1.0903141975211916,162.2,161.30833333333334,1.8896725971154993,4.8,5.05,-7.902735562310037,positive,positive,negative,Comfortable to Good
1998-05-01,102.4889,102.40703333333335,1.0125633144904,162.6,161.53333333333333,1.8441653969421656,4.7,5.0,-8.396946564885488,positive,positive,negative,Comfortable to Good
1998-06-01,102.3698,102.41995000000001,0.9061972727628875,162.8,161.75,1.7935808684707233,4.7,4.95,-8.895705521472397,positive,positive,negative,Comfortable to Good
1998-07-01,102.2334,102.41197499999998,0.7832752784685537,163.2,161.98333333333335,1.75897811747463,4.6,4.8999999999999995,-9.259259259259256,positive,positive,negative,Comfortable to Good
1998-08-01,102.0408,102.387725,0.654339837927731,163.4,162.2,1.7034172849827334,4.6,4.85,-9.76744186046512,positive,positive,negative,Comfortable to Good
1998-09-01,101.7999,102.34249166666667,0.5116468906419147,163.5,162.39166666666668,1.637719710008878,4.6,4.808333333333333,-9.98439937597504,positive,positive,negative,Comfortable to Good
1998-10-01,101.6636,102.286475,0.36926315572562984,163.9,162.59166666666667,1.5880454024784108,4.6,4.766666666666667,-10.20408163265305,positive,positive,negative,Comfortable to Good
1998-11-01,101.7572,102.23979166666668,0.246310248777859,164.1,162.79166666666666,1.5543772093990382,4.5,4.7250000000000005,-10.284810126582267,positive,positive,negative,Comfortable to Good
1998-12-01,101.9003,102.207675,0.14166074236270365,164.4,163.00833333333335,1.5470072159061488,4.5,4.683333333333334,-10.366826156299835,positive,positive,negative,Comfortable to Good
1999-01-01,102.1402,102.18281666666667,0.03594524574768165,164.7,163.23333333333335,1.5501062781896557,4.5,4.6499999999999995,-10.289389067524136,positive,positive,negative,Comfortable to Good
1999-02-01,102.3487,102.16170833333332,-0.0696286020798964,164.7,163.45833333333334,1.5689726594863451,4.5,4.616666666666666,-10.210696920583473,negative,positive,negative,Lean to Bad
1999-03-01,102.384,102.14290833333332,-0.16257085952164907,164.8,163.6916666666667,1.5982207510086166,4.4,4.583333333333333,-9.983633387888712,negative,positive,negative,Lean to Bad
1999-04-01,102.3792,102.12549999999999,-0.23887198760315087,165.9,164.0,1.6686470010848664,4.4,4.55,-9.9009900990099,negative,positive,negative,Lean to Bad
1999-05-01,102.4228,102.11999166666665,-0.2802948755798673,166.0,164.28333333333333,1.7024349979364528,4.4,4.5249999999999995,-9.500000000000009,negative,positive,negative,Lean to Bad
1999-06-01,102.4339,102.12533333333333,-0.2876555462746122,166.0,164.54999999999998,1.731066460587316,4.4,4.5,-9.090909090909093,negative,positive,negative,Lean to Bad
1999-07-01,102.3783,102.13740833333333,-0.268100157883544,166.7,164.84166666666667,1.7645848338306402,4.3,4.4750000000000005,-8.673469387755084,negative,positive,negative,Lean to Bad
1999-08-01,102.3167,102.16039999999998,-0.22202368496812008,167.1,165.15,1.818742293464859,4.3,4.45,-8.247422680412363,negative,positive,negative,Lean to Bad
1999-09-01,102.3064,102.20260833333333,-0.13668157874145992,167.8,165.50833333333333,1.9192282034176555,4.3,4.425,-7.972270363951461,negative,positive,negative,Lean to Bad
1999-10-01,102.2858,102.25445833333333,-0.0313009776382156,168.1,165.85833333333332,2.009123058787332,4.3,4.3999999999999995,-7.692307692307699,negative,positive,negative,Lean to Bad
1999-11-01,102.4038,102.30834166666666,0.06704825868921738,168.4,166.21666666666667,2.10391604811877,4.2,4.375,-7.407407407407418,positive,positive,negative,Comfortable to Good
1999-12-01,102.5676,102.36395,0.15289947648258195,168.8,166.58333333333334,2.193139410050593,4.2,4.3500000000000005,-7.117437722419917,positive,positive,negative,Comfortable to Good
2000-01-01,102.7974,102.41871666666667,0.23086073343381308,169.3,166.96666666666667,2.2871145599346443,4.2,4.325,-6.98924731182794,positive,positive,negative,Comfortable to Good
2000-02-01,102.8501,102.46049999999998,0.29246933272861764,170.0,167.40833333333333,2.4165179709406015,4.2,4.3,-6.859205776173283,positive,positive,negative,Comfortable to Good
2000-03-01,102.7695,102.49262499999999,0.34237978179101347,171.0,167.92499999999998,2.586163009723541,4.2,4.283333333333333,-6.545454545454543,positive,positive,negative,Comfortable to Good
2000-04-01,102.751,102.52360833333334,0.38982265284708273,170.9,168.34166666666667,2.647357723577226,4.1,4.258333333333334,-6.410256410256398,positive,positive,negative,Comfortable to Good
2000-05-01,102.7258,102.54885833333333,0.41996347597301753,171.2,168.775,2.7340975956173352,4.1,4.233333333333333,-6.445672191528528,positive,positive,negative,Comfortable to Good
2000-06-01,102.6273,102.564975,0.4304922709350567,172.2,169.29166666666666,2.881596272662823,4.1,4.208333333333333,-6.481481481481488,positive,positive,negative,Comfortable to Good
2000-07-01,102.594,102.58295,0.43621790873389354,172.7,169.79166666666666,3.00288155300541,4.1,4.191666666666666,-6.331471135940426,positive,positive,negative,Comfortable to Good
2000-08-01,102.5593,102.60316666666667,0.4334034191983305,172.7,170.25833333333335,3.093147643556371,4.1,4.175,-6.17977528089888,positive,positive,negative,Comfortable to Good
2000-09-01,102.5096,102.6201,0.40849414068280243,173.6,170.74166666666667,3.1619757313327668,4.0,4.1499999999999995,-6.214689265536732,positive,positive,negative,Comfortable to Good
2000-10-01,102.401,102.6297,0.3669685144127799,173.9,171.225,3.23569311159122,4.0,4.125,-6.249999999999989,positive,positive,negative,Comfortable to Good
2000-11-01,102.1495,102.60850833333332,0.293394127767832,174.2,171.70833333333334,3.303920585581066,4.0,4.108333333333333,-6.0952380952380985,positive,positive,negative,Comfortable to Good
2000-12-01,101.6216,102.529675,0.161897816565304,174.6,172.19166666666663,3.3666833416708064,4.0,4.091666666666666,-5.938697318007691,positive,positive,negative,Comfortable to Good
2001-01-01,101.0984,102.38809166666665,-0.02990176112017684,175.6,172.71666666666667,3.44380115791576,4.0,4.075,-5.780346820809246,negative,positive,negative,Lean to Bad
2001-02-01,100.7161,102.21025833333334,-0.24423233018250334,176.0,173.21666666666667,3.4695604559709325,4.0,4.058333333333333,-5.6201550387597,negative,positive,negative,Lean to Bad
2001-03-01,100.5511,102.02539166666666,-0.4558701987907199,176.1,173.64166666666665,3.4042975534712916,4.0,4.041666666666667,-5.642023346303493,negative,positive,negative,Lean to Bad
2001-04-01,100.518,101.83930833333334,-0.6674560241531458,176.4,174.1,3.4206227414484314,4.1,4.041666666666667,-5.088062622309197,negative,positive,negative,Lean to Bad
2001-05-01,100.6409,101.66556666666668,-0.8613373966539162,177.3,174.60833333333335,3.456278082259434,4.1,4.041666666666667,-4.527559055118102,negative,positive,negative,Lean to Bad
2001-06-01,100.7199,101.50661666666667,-1.0318905974806003,177.7,175.0666666666667,3.411272458774328,4.2,4.05,-3.7623762376237546,negative,positive,negative,Lean to Bad
2001-07-01,100.6339,101.34327499999999,-1.2084610551753583,177.4,175.45833333333334,3.3374233128834474,4.2,4.058333333333334,-3.1809145129224503,negative,positive,negative,Lean to Bad
2001-08-01,100.3323,101.15769166666666,-1.4088015477105142,177.4,175.85,3.2842249522783806,4.3,4.075,-2.39520958083832,negative,positive,negative,Lean to Bad
2001-09-01,99.89782,100.94004333333334,-1.637161400804188,178.1,176.225,3.21147933037238,4.3,4.1000000000000005,-1.2048192771084043,negative,positive,negative,Lean to Bad
2001-10-01,99.74116,100.71839,-1.8623361463591892,177.6,176.53333333333333,3.1002092762933753,4.5,4.141666666666667,0.40404040404040664,negative,positive,positive,Lean to Bad
2001-11-01,99.88892,100.53000833333334,-2.0256604776358045,177.5,176.80833333333337,2.9701528755156748,4.6,4.191666666666666,2.0283975659229236,negative,positive,positive,Lean to Bad
2001-12-01,100.2465,100.41541666666666,-2.062094055534014,177.4,177.04166666666666,2.8166287567149118,4.7,4.25,3.869653767820802,negative,positive,positive,Lean to Bad
2002-01-01,100.5923,100.37324166666667,-1.9678557996368418,177.7,177.21666666666667,2.605423140017371,4.9,4.325,6.134969325153383,negative,positive,positive,Lean to Bad
2002-02-01,100.7994,100.38018333333332,-1.7905003175236023,178.0,177.38333333333333,2.4054652169729573,5.0,4.408333333333333,8.624229979466126,negative,positive,positive,Lean to Bad
2002-03-01,100.9867,100.41648333333335,-1.5769685438600245,178.5,177.58333333333334,2.270000479915546,5.1,4.5,11.340206185566991,negative,positive,positive,Lean to Bad
2002-04-01,101.0395,100.45994166666667,-1.3544540799038218,179.3,177.82500000000002,2.1395749569213196,5.3,4.6,13.814432989690694,negative,positive,positive,Lean to Bad
2002-05-01,101.0134,100.49098333333332,-1.1553403692564745,179.5,178.00833333333333,1.9472151959146533,5.4,4.708333333333333,16.494845360824726,negative,positive,positive,Lean to Bad
2002-06-01,100.7627,100.49454999999999,-0.9970450202179126,179.6,178.16666666666666,1.7707539984767484,5.5,4.816666666666667,18.9300411522634,negative,positive,positive,Lean to Bad
2002-07-01,100.427,100.47730833333334,-0.8544885357875454,180.0,178.38333333333333,1.6670624554737445,5.6,4.933333333333333,21.560574948665277,negative,positive,positive,Lean to Bad
2002-08-01,100.1503,100.46214166666668,-0.6875898298390859,180.5,178.64166666666668,1.5875272486020497,5.6,5.041666666666667,23.721881390593058,negative,positive,positive,Lean to Bad
2002-09-01,99.90825,100.46301083333333,-0.47258994968399914,180.8,178.86666666666667,1.499030595356321,5.7,5.158333333333333,25.813008130081272,negative,positive,positive,Lean to Bad
2002-10-01,99.72552,100.4617075,-0.2548516710801252,181.2,179.16666666666666,1.4916918429003,5.7,5.258333333333333,26.961770623742453,negative,positive,positive,Lean to Bad
2002-11-01,99.74057,100.449345,-0.08023806490286,181.5,179.5,1.5223641419616074,5.8,5.358333333333333,27.833001988071572,negative,positive,positive,Lean to Bad
2002-12-01,99.73804,100.40697333333333,-0.008408403424109423,181.8,179.86666666666667,1.5956695693104317,5.8,5.45,28.23529411764707,negative,positive,positive,Lean to Bad
2003-01-01,99.55934,100.32089333333333,-0.05215367409093785,182.6,180.275,1.7257594281952393,5.8,5.5249999999999995,27.74566473988438,negative,positive,positive,Lean to Bad
2003-02-01,99.40085,100.2043475,-0.17516986669512402,183.6,180.74166666666667,1.893263177675486,5.8,5.591666666666666,26.84310018903591,negative,positive,positive,Lean to Bad
2003-03-01,99.48411,100.07913166666667,-0.33595248057715077,183.9,181.1916666666667,2.0319099014547204,5.8,5.6499999999999995,25.555555555555554,negative,positive,positive,Lean to Bad
2003-04-01,99.91875,99.98573583333335,-0.4720347488422427,183.2,181.51666666666665,2.076011059562277,5.8,5.691666666666666,23.73188405797102,negative,positive,positive,Lean to Bad
2003-05-01,100.3473,99.9302275,-0.5580160674448442,182.9,181.79999999999998,2.1300500912878606,5.9,5.733333333333333,21.769911504424776,negative,positive,positive,Lean to Bad
2003-06-01,100.5036,99.90863583333334,-0.58303078790507,183.1,182.09166666666667,2.202993451824131,5.9,5.766666666666667,19.723183391003452,negative,positive,positive,Lean to Bad
2003-07-01,100.5059,99.91521083333333,-0.5594273068454947,183.7,182.4,2.251705129402981,5.9,5.791666666666667,17.398648648648663,negative,positive,positive,Lean to Bad
2003-08-01,100.4164,99.93738583333334,-0.5223418738916408,184.5,182.73333333333335,2.2904324299108936,6.0,5.825,15.537190082644624,negative,positive,positive,Lean to Bad
2003-09-01,100.3809,99.97677333333333,-0.48399654357030863,185.1,183.09166666666667,2.362094670145365,6.0,5.8500000000000005,13.408723747980634,negative,positive,positive,Lean to Bad
2003-10-01,100.5294,100.04376333333333,-0.416023355631967,184.9,183.4,2.3627906976744217,6.0,5.875,11.727416798732172,negative,positive,positive,Lean to Bad
2003-11-01,100.8221,100.13389083333334,-0.31404303001344447,185.0,183.6916666666667,2.3351903435469,6.0,5.891666666666667,9.953343701399685,negative,positive,positive,Lean to Bad
2003-12-01,101.1258,100.24953749999999,-0.156797708472578,185.5,184.0,2.2979985174202966,6.0,5.908333333333334,8.409785932721725,negative,positive,positive,Lean to Bad
2004-01-01,101.4056,100.40339250000001,0.08223527913826523,186.3,184.3083333333333,2.2373226089769993,6.0,5.925000000000001,7.239819004524906,positive,positive,positive,Lean to Bad
2004-02-01,101.2918,100.56097166666666,0.35589690024842024,186.7,184.5666666666667,2.1162801420074873,5.9,5.933333333333334,6.110283159463514,positive,positive,positive,Lean to Bad
2004-03-01,101.1237,100.69760416666666,0.6179834793730521,187.1,184.83333333333334,2.0098422480798295,5.9,5.941666666666666,5.1622418879056164,positive,positive,positive,Lean to Bad
2004-04-01,100.9523,100.78373333333333,0.7981113439322618,187.4,185.18333333333337,2.020016527407975,5.9,5.95,4.538799414348471,positive,positive,positive,Lean to Bad
2004-05-01,100.8738,100.82760833333333,0.8980073955433765,188.2,185.625,2.103960396039617,5.8,5.941666666666667,3.6337209302325757,positive,positive,positive,Lean to Bad
2004-06-01,101.0119,100.86996666666668,0.9622099484343227,188.9,186.10833333333335,2.2058487025765405,5.8,5.933333333333334,2.8901734104046284,positive,positive,positive,Lean to Bad
2004-07-01,101.1236,100.92144166666667,1.007084732085306,189.1,186.5583333333333,2.2797880116958824,5.7,5.916666666666667,2.158273381294973,positive,positive,positive,Lean to Bad
2004-08-01,101.0988,100.97830833333332,1.0415746733018816,189.2,186.94999999999996,2.307551988325396,5.7,5.891666666666667,1.1444921316165813,positive,positive,positive,Lean to Bad
2004-09-01,100.9797,101.02820833333334,1.0516792700384636,189.8,187.34166666666667,2.321241636702931,5.6,5.858333333333333,0.14245014245013454,positive,positive,positive,Lean to Bad
2004-10-01,100.8903,101.05828333333334,1.0140762064495323,190.8,187.83333333333334,2.4173027989821794,5.6,5.824999999999999,-0.8510638297872464,positive,positive,negative,Comfortable to Good
2004-11-01,100.9547,101.06933333333332,0.9341917029439761,191.7,188.39166666666665,2.5586353944562656,5.6,5.791666666666667,-1.6973125884016893,positive,positive,negative,Comfortable to Good
2004-12-01,101.0907,101.06640833333334,0.8148375081863612,191.7,188.9083333333333,2.6675724637680975,5.5,5.75,-2.679830747531753,positive,positive,negative,Comfortable to Good
2005-01-01,101.0759,101.03893333333332,0.6329874095970522,191.6,189.35000000000002,2.7354523669575803,5.5,5.708333333333333,-3.6568213783403802,positive,positive,negative,Comfortable to Good
2005-02-01,100.92,101.00795,0.4444848989874073,192.4,189.82499999999996,2.849015712479641,5.5,5.675,-4.353932584269671,positive,positive,negative,Comfortable to Good
2005-03-01,100.69,100.97180833333334,0.2723045587190276,193.1,190.32500000000002,2.971145175834078,5.4,5.633333333333333,-5.189340813464238,positive,positive,negative,Comfortable to Good
2005-04-01,100.5012,100.93421666666666,0.14931311666697145,193.7,190.85,3.060030600305974,5.4,5.591666666666666,-6.0224089635854465,positive,positive,negative,Comfortable to Good
2005-05-01,100.5693,100.90884166666667,0.08056655778720945,193.6,191.29999999999998,3.0572390572390473,5.3,5.550000000000001,-6.591865357643756,positive,positive,negative,Comfortable to Good
2005-06-01,100.82,100.89285,0.022685972930802656,193.7,191.69999999999996,3.004522455559,5.3,5.508333333333333,-7.1629213483146215,positive,positive,negative,Comfortable to Good
2005-07-01,100.7263,100.85974166666666,-0.061136661328908826,194.9,192.1833333333333,3.0151427167552702,5.3,5.474999999999999,-7.464788732394389,negative,positive,negative,Lean to Bad
2005-08-01,100.1338,100.77932499999999,-0.1970555227331361,196.1,192.75833333333335,3.1068913256664388,5.2,5.433333333333334,-7.77934936350777,negative,positive,negative,Lean to Bad
2005-09-01,99.41367,100.6488225,-0.3755246575110949,198.8,193.50833333333333,3.2916685200836238,5.2,5.3999999999999995,-7.823613086770987,negative,positive,negative,Lean to Bad
2005-10-01,99.17995,100.50629333333335,-0.5462095553110613,199.1,194.19999999999996,3.3895297249334266,5.2,5.366666666666666,-7.868383404864088,negative,positive,negative,Lean to Bad
2005-11-01,99.56727,100.39067416666667,-0.6714788198200372,198.1,194.73333333333335,3.3662140045118916,5.1,5.325,-8.057553956834528,negative,positive,negative,Lean to Bad
2005-12-01,100.1452,100.31188249999998,-0.7465644082698675,198.1,195.26666666666668,3.365829988089475,5.1,5.291666666666667,-7.971014492753614,negative,positive,negative,Lean to Bad
2006-01-01,100.406,100.2560575,-0.7748259086926113,199.3,195.9083333333333,3.4636035560249745,5.0,5.25,-8.029197080291961,negative,positive,negative,Lean to Bad
2006-02-01,100.3572,100.2091575,-0.7908214155420312,199.4,196.49166666666667,3.5120066728127064,5.0,5.208333333333333,-8.223201174743021,negative,positive,negative,Lean to Bad
2006-03-01,100.2256,100.1704575,-0.7936381912542201,199.7,197.04166666666666,3.529051184377585,4.9,5.166666666666667,-8.28402366863904,negative,positive,negative,Lean to Bad
2006-04-01,99.97358,100.12648916666667,-0.8002514178789277,200.7,197.625,3.5499083049515434,4.9,5.125,-8.345752608047674,negative,positive,negative,Lean to Bad
2006-05-01,99.6911,100.05330583333334,-0.847830397418925,201.3,198.26666666666665,3.6417494336992595,4.9,5.091666666666667,-8.258258258258266,negative,positive,negative,Lean to Bad
2006-06-01,99.6703,99.9574975,-0.9270751098814145,201.8,198.9416666666667,3.7776038949748125,4.8,5.05,-8.320726172465953,negative,positive,negative,Lean to Bad
2006-07-01,99.70652,99.87251583333334,-0.9788105908460798,202.9,199.60833333333335,3.8634983956292057,4.8,5.008333333333334,-8.523592085235887,negative,positive,negative,Lean to Bad
2006-08-01,99.80495,99.84511166666668,-0.9269890757189536,203.8,200.25,3.8865591630279583,4.8,4.975,-8.435582822085896,negative,positive,negative,Lean to Bad
2006-09-01,100.1207,99.90403083333332,-0.7399904421799608,202.8,200.58333333333334,3.656173291417253,4.7,4.933333333333334,-8.641975308641959,negative,positive,negative,Lean to Bad
2006-10-01,100.5414,100.01748500000001,-0.48634599597876527,201.9,200.8166666666667,3.4071404050806997,4.7,4.891666666666667,-8.850931677018625,negative,positive,negative,Lean to Bad
2006-11-01,100.7727,100.1179375,-0.2716753014467055,202.0,201.14166666666665,3.2908250599109845,4.7,4.858333333333333,-8.763693270735528,negative,positive,negative,Lean to Bad
2006-12-01,100.8883,100.17986250000001,-0.1316095328985245,203.1,201.5583333333333,3.222089450324317,4.6,4.816666666666667,-8.976377952755898,negative,positive,negative,Lean to Bad
2007-01-01,100.9204,100.22272916666668,-0.033243211596778455,203.437,201.90308333333334,3.059977030073613,4.6,4.783333333333334,-8.888888888888879,negative,positive,negative,Lean to Bad
2007-02-01,100.6969,100.2510375,0.04179258766843219,204.226,202.30525,2.9586920564909525,4.6,4.75,-8.799999999999997,positive,positive,negative,Comfortable to Good
2007-03-01,100.4247,100.26762916666667,0.09700631213216404,205.288,202.77091666666664,2.907633749207017,4.6,4.725,-8.548387096774201,positive,positive,negative,Comfortable to Good
2007-04-01,100.2504,100.29069749999998,0.16400088997425843,205.904,203.20458333333332,2.8233185747417178,4.6,4.7,-8.292682926829265,positive,positive,negative,Comfortable to Good
2007-05-01,100.19,100.33227249999999,0.2788180403867413,206.755,203.65916666666666,2.719821788836585,4.5,4.666666666666667,-8.346972176759405,positive,positive,negative,Comfortable to Good
2007-06-01,100.1493,100.37218916666666,0.4148679959366186,207.234,204.112,2.59891928119631,4.5,4.641666666666667,-8.085808580858089,positive,positive,negative,Comfortable to Good
2007-07-01,100.1261,100.40715416666666,0.5353207825719686,207.603,204.50391666666667,2.4525946645514107,4.5,4.616666666666666,-7.820299500831962,positive,positive,negative,Comfortable to Good
2007-08-01,99.89663,100.41479416666665,0.5705662405405043,207.667,204.82616666666664,2.2852267998335174,4.5,4.591666666666667,-7.705192629815738,positive,positive,negative,Comfortable to Good
2007-09-01,99.64114,100.37483083333335,0.4712522568638411,208.547,205.30508333333333,2.354009140008295,4.5,4.575,-7.263513513513519,positive,positive,negative,Comfortable to Good
2007-10-01,99.34621,100.27523166666667,0.2577016075405947,209.19,205.91258333333334,2.537596481035753,4.6,4.566666666666667,-6.643952299829625,positive,positive,negative,Comfortable to Good
2007-11-01,99.06,100.13250666666666,0.014552004396484186,210.834,206.64874999999998,2.7379127480631427,4.6,4.558333333333333,-6.174957118353364,positive,positive,negative,Comfortable to Good
2007-12-01,98.89159,99.96611416666666,-0.2133645704827769,211.445,207.34416666666667,2.870550295613361,4.6,4.558333333333333,-5.363321799307985,negative,positive,negative,Lean to Bad
2008-01-01,98.72973,99.78355833333332,-0.43819484560536637,212.174,208.07225000000003,3.0555088930869223,4.7,4.566666666666666,-4.529616724738695,negative,positive,negative,Lean to Bad
2008-02-01,98.34016,99.58716333333332,-0.6622117668025895,212.687,208.77733333333333,3.1991672649787084,4.7,4.575,-3.68421052631579,negative,positive,negative,Lean to Bad
2008-03-01,97.87051,99.37431416666668,-0.890930609833307,213.448,209.45733333333337,3.297522532611752,4.7,4.583333333333333,-2.998236331569659,negative,positive,negative,Lean to Bad
2008-04-01,97.3411,99.1318725,-1.1554660889660062,213.942,210.12716666666668,3.406706295584727,4.8,4.6,-2.1276595744680993,negative,positive,negative,Lean to Bad
2008-05-01,96.96101,98.86279,-1.4646159838550332,215.208,210.83158333333333,3.521774533432076,4.9,4.633333333333334,-0.7142857142857117,negative,positive,negative,Lean to Bad
2008-06-01,96.84148,98.58713833333333,-1.7784317031974584,217.463,211.684,3.7097279924747317,4.9,4.666666666666667,0.5385996409335903,negative,positive,positive,Lean to Bad
2008-07-01,97.04502,98.33038166666667,-2.0683511222245543,219.016,212.63508333333334,3.976044468585971,5.0,4.708333333333333,1.9855595667870096,negative,positive,positive,Lean to Bad
2008-08-01,97.30289,98.11423666666667,-2.291054340241494,218.69,213.5536666666667,4.260930203416424,5.2,4.766666666666667,3.8112522686025274,negative,positive,positive,Lean to Bad
2008-09-01,97.3791,97.92573333333333,-2.4399518083040195,218.877,214.4145,4.437014670443706,5.3,4.833333333333333,5.64663023679417,negative,positive,positive,Lean to Bad
2008-10-01,97.02541,97.73233333333333,-2.535918682079341,216.995,215.06491666666668,4.44476640775151,5.4,4.8999999999999995,7.29927007299267,negative,positive,positive,Lean to Bad
2008-11-01,96.76826,97.541355,-2.5877227614928278,213.153,215.25816666666665,4.166207957544721,5.6,4.983333333333333,9.323583180987228,negative,positive,positive,Lean to Bad
2008-12-01,96.76077,97.36378666666667,-2.603209619272895,211.398,215.25424999999998,3.8149533987371864,5.8,5.083333333333333,11.517367458866556,negative,positive,positive,Lean to Bad
2009-01-01,96.768,97.20030916666667,-2.5888525222132697,211.933,215.23416666666665,3.442033556452917,6.0,5.191666666666666,13.686131386861323,negative,positive,positive,Lean to Bad
2009-02-01,96.74191,97.06712166666667,-2.530488450837476,212.705,215.23566666666667,3.0934073302976817,6.3,5.325,16.393442622950815,negative,positive,positive,Lean to Bad
2009-03-01,96.94426,96.98993416666666,-2.3993926599594317,212.495,215.15625,2.7208007358698216,6.7,5.491666666666667,19.818181818181845,negative,positive,positive,Lean to Bad
2009-04-01,97.39332,96.99428583333334,-2.156306153368248,212.709,215.05349999999999,2.34445331914086,7.0,5.675000000000001,23.36956521739133,negative,positive,positive,Lean to Bad
2009-05-01,97.77971,97.06251083333332,-1.8209876199798525,213.022,214.87133333333335,1.9161028609328445,7.3,5.875,26.798561151079127,negative,positive,positive,Lean to Bad
2009-06-01,97.93968,97.1540275,-1.4536488811429327,214.79,214.64858333333333,1.400475866543216,7.6,6.1000000000000005,30.714285714285715,negative,positive,positive,Lean to Bad
2009-07-01,97.89438,97.2248075,-1.1243464613149734,214.726,214.29108333333332,0.7787990457830407,7.9,6.341666666666668,34.69026548672569,negative,positive,positive,Lean to Bad
2009-08-01,97.93816,97.27774666666666,-0.8525674034869257,215.445,214.02066666666667,0.21868039415540164,8.2,6.591666666666666,38.28671328671327,negative,positive,positive,Lean to Bad
2009-09-01,98.11636,97.33918499999999,-0.5989726227903391,215.861,213.76933333333332,-0.3008969387176208,8.5,6.858333333333334,41.89655172413795,negative,negative,positive,Lean to Bad
2009-10-01,98.14606,97.43257249999999,-0.30671613283901333,216.509,213.72883333333334,-0.6212465306018045,8.8,7.141666666666667,45.748299319727906,negative,negative,positive,Lean to Bad
2009-11-01,98.16013,97.54856166666667,0.007388319207457528,217.234,214.06891666666664,-0.5524761352453611,9.0,7.425000000000001,48.996655518394675,positive,negative,positive,Comfortable to Good
2009-12-01,98.33461,97.679715,0.32448238112896544,217.347,214.56466666666665,-0.32035759262980523,9.3,7.716666666666666,51.80327868852459,positive,negative,positive,Comfortable to Good
2010-01-01,98.49635,97.82374416666666,0.6413919928289546,217.488,215.02758333333335,-0.0959807341616159,9.4,8.0,54.09309791332264,positive,negative,positive,Comfortable to Good
2010-02-01,98.55148,97.97454166666667,0.9348376509155543,217.281,215.40891666666667,0.08049316485649882,9.6,8.275,55.39906103286385,positive,positive,positive,Lean to Bad
2010-03-01,98.54839,98.10821916666667,1.1529907815777785,217.353,215.81375,0.30559186637617586,9.7,8.525,55.23520485584217,positive,positive,positive,Lean to Bad
2010-04-01,98.52795,98.20277166666665,1.2459350805570812,217.403,216.20491666666666,0.5354094058765302,9.7,8.75,54.185022026431696,positive,positive,positive,Lean to Bad
2010-05-01,98.52668,98.26501916666668,1.2389009134517348,217.29,216.5605833333333,0.7861681564470979,9.7,8.95,52.34042553191489,positive,positive,positive,Lean to Bad
2010-06-01,98.43158,98.30601083333333,1.185728850338541,217.199,216.76133333333334,0.984283225722038,9.7,9.125,49.590163934426215,positive,positive,positive,Lean to Bad
2010-07-01,98.14699,98.32706166666667,1.1337169957026383,217.605,217.00125,1.2647127563637284,9.7,9.275,46.25492772667541,positive,positive,positive,Lean to Bad
2010-08-01,97.97341,98.32999916666667,1.0816990895211376,217.923,217.20775,1.489147465509566,9.7,9.399999999999999,42.60429835651074,positive,positive,positive,Lean to Bad
2010-09-01,97.92258,98.31385083333333,1.001308808300938,218.275,217.40891666666667,1.7025750497420944,9.7,9.499999999999998,38.51761846901576,positive,positive,positive,Lean to Bad
2010-10-01,98.02107,98.303435,0.8938104349035747,219.035,217.61941666666667,1.820336204832751,9.7,9.575,34.07234539089848,positive,positive,positive,Lean to Bad
2010-11-01,98.27833,98.31328500000001,0.7839411676273444,219.59,217.81574999999998,1.750293032578698,9.7,9.633333333333333,29.741863075196395,positive,positive,positive,Lean to Bad
2010-12-01,98.52911,98.32949333333333,0.6652131748473344,220.472,218.0761666666667,1.6365695501278754,9.6,9.658333333333333,25.16198704103674,positive,positive,positive,Lean to Bad
2011-01-01,98.63737,98.341245,0.5290135209419677,221.187,218.38441666666665,1.5611175465473082,9.6,9.674999999999999,20.937499999999986,positive,positive,positive,Lean to Bad
2011-02-01,98.58832,98.344315,0.3774177730694328,221.898,218.76916666666668,1.5599400674763286,9.5,9.666666666666666,16.817724068479343,positive,positive,positive,Lean to Bad
2011-03-01,98.34479,98.32734833333335,0.22335454514206265,223.046,219.2435833333333,1.5892561680306727,9.4,9.641666666666666,13.098729227761474,positive,positive,positive,Lean to Bad
2011-04-01,98.2864,98.30721916666668,0.10635901434081774,224.093,219.80108333333337,1.6633140088164966,9.3,9.608333333333333,9.809523809523801,positive,positive,positive,Lean to Bad
2011-05-01,98.2707,98.2858875,0.021236787526524026,224.806,220.4274166666667,1.7855665485447592,9.3,9.575000000000001,6.983240223463705,positive,positive,positive,Lean to Bad
2011-06-01,97.96353,98.24688333333334,-0.06014637304349035,224.806,221.06133333333335,1.983748639056171,9.3,9.541666666666666,4.566210045662089,negative,positive,positive,Lean to Bad
2011-07-01,97.38677,98.18353166666667,-0.14597202191047876,225.395,221.71050000000002,2.170148789465509,9.2,9.5,2.425876010781658,negative,positive,positive,Lean to Bad
2011-08-01,96.89449,98.09362166666666,-0.2403920492253353,226.106,222.39241666666666,2.386962098114198,9.2,9.458333333333334,0.6205673758865382,negative,positive,positive,Lean to Bad
2011-09-01,96.82732,98.00234999999999,-0.3168432837214463,226.597,223.0859166666667,2.6112084485955256,9.2,9.416666666666666,-0.877192982456132,negative,positive,negative,Lean to Bad
2011-10-01,97.05892,97.92217083333334,-0.3878441955427636,226.75,223.72883333333334,2.8073858299255683,9.1,9.366666666666667,-2.175805047867696,negative,positive,negative,Lean to Bad
2011-11-01,97.50053,97.85735416666667,-0.4637530251718647,227.169,224.36041666666665,3.004680178851471,9.0,9.308333333333332,-3.3737024221453416,negative,positive,negative,Lean to Bad
2011-12-01,98.04679,97.81716083333333,-0.5210364486097907,227.223,224.923,3.1396522774534974,8.9,9.25,-4.227782571182049,negative,positive,negative,Lean to Bad
2012-01-01,98.51247,97.80675250000002,-0.5435079655540132,227.842,225.47758333333334,3.2480186887571927,8.9,9.191666666666668,-4.9956933677863695,negative,positive,negative,Lean to Bad
2012-02-01,98.7721,97.8220675,-0.5310398470923183,228.329,226.01350000000002,3.311405095934461,8.8,9.133333333333335,-5.517241379310322,negative,positive,negative,Lean to Bad
2012-03-01,98.89722,97.86810333333334,-0.4670572407212248,228.807,226.49358333333336,3.306824259014829,8.7,9.075000000000001,-5.877268798617097,negative,positive,negative,Lean to Bad
2012-04-01,98.93228,97.92192666666666,-0.3919269645363599,229.187,226.91808333333333,3.2379276262286982,8.7,9.025,-6.071118820468335,negative,positive,negative,Lean to Bad
2012-05-01,98.87596,97.97236499999998,-0.31899035352356275,228.713,227.24366666666666,3.0922877485370037,8.6,8.966666666666667,-6.353350739773722,negative,positive,negative,Lean to Bad
2012-06-01,98.66972,98.03121416666666,-0.2195175656971804,228.524,227.55349999999999,2.936816931650932,8.5,8.9,-6.724890829694319,negative,positive,negative,Lean to Bad
2012-07-01,98.59705,98.13207083333334,-0.05241289701009011,228.59,227.81975,2.75550774546085,8.4,8.833333333333334,-7.017543859649111,negative,positive,negative,Lean to Bad
2012-08-01,98.76841,98.28823083333333,0.19839125455880513,229.918,228.1374166666667,2.583271536911691,8.4,8.766666666666667,-7.31277533039647,positive,positive,negative,Comfortable to Good
2012-09-01,99.08746,98.47657583333334,0.4838923080246138,231.015,228.50558333333333,2.4294078028980426,8.3,8.691666666666666,-7.699115044247784,positive,positive,negative,Comfortable to Good
2012-10-01,99.31627,98.66468833333333,0.7582731200514115,231.638,228.91291666666666,2.3171279517689936,8.2,8.616666666666665,-8.007117437722433,positive,positive,negative,Comfortable to Good
2012-11-01,99.22913,98.80873833333332,0.9722152972236442,231.249,229.25291666666666,2.180643124437065,8.1,8.541666666666666,-8.236347358997309,positive,positive,negative,Comfortable to Good
2012-12-01,98.89225,98.87919333333333,1.085732289663932,231.221,229.58608333333333,2.0731909735035137,8.1,8.475,-8.378378378378383,positive,positive,negative,Comfortable to Good
2013-01-01,98.76273,98.90004833333332,1.1178122219458242,231.679,229.90583333333333,1.963942461390289,8.0,8.4,-8.612873980054413,positive,positive,negative,Comfortable to Good
2013-02-01,98.86662,98.90792499999999,1.1100332754671927,232.937,230.2898333333333,1.8920698689827153,8.0,8.333333333333334,-8.759124087591253,positive,positive,negative,Comfortable to Good
2013-03-01,99.0349,98.91939833333333,1.0741957432436777,232.282,230.57941666666667,1.803951031725326,7.9,8.266666666666666,-8.907254361799833,positive,positive,negative,Comfortable to Good
2013-04-01,99.24892,98.945785,1.0455863851807523,231.797,230.79691666666668,1.7093539996261509,7.9,8.200000000000001,-9.141274238227137,positive,positive,negative,Comfortable to Good
2013-05-01,99.59026,99.00531000000001,1.0543228184805242,231.893,231.06191666666666,1.6802448473078213,7.8,8.133333333333333,-9.293680297397778,positive,positive,negative,Comfortable to Good
2013-06-01,99.76675,99.09672916666666,1.0869140090303153,232.445,231.3886666666667,1.6853912010435845,7.8,8.075000000000001,-9.26966292134831,positive,positive,negative,Comfortable to Good
2013-07-01,99.72871,99.19103416666667,1.0791205406557314,232.9,231.74783333333332,1.724206673623918,7.7,8.016666666666666,-9.245283018867944,positive,positive,negative,Comfortable to Good
2013-08-01,99.44532,99.24744333333332,0.975917962778805,233.456,232.04266666666663,1.711797239163948,7.6,7.95,-9.315589353612175,positive,positive,negative,Comfortable to Good
2013-09-01,99.06078,99.24522,0.7805350258802246,233.544,232.25341666666665,1.64014956600258,7.6,7.891666666666667,-9.20421860019175,positive,positive,negative,Comfortable to Good
2013-10-01,98.82304,99.2041175,0.5467297123001424,233.669,232.4226666666667,1.5332249709223644,7.5,7.833333333333333,-9.090909090909083,positive,positive,negative,Comfortable to Good
2013-11-01,98.92445,99.1787275,0.37444984412056126,234.1,232.66025000000002,1.486276983026391,7.5,7.783333333333334,-8.878048780487791,positive,positive,negative,Comfortable to Good
2013-12-01,99.23093,99.20695083333334,0.33147266775841455,234.719,232.95175000000003,1.4659715509759863,7.4,7.7250000000000005,-8.849557522123884,positive,positive,negative,Comfortable to Good
2014-01-01,99.4054,99.26050666666667,0.3644672974460583,235.288,233.25250000000003,1.4556684439643863,7.3,7.666666666666667,-8.730158730158733,positive,positive,negative,Comfortable to Good
2014-02-01,99.47614,99.3113,0.4078287963275029,235.547,233.47000000000003,1.3809409736571299,7.2,7.6000000000000005,-8.799999999999997,positive,positive,negative,Comfortable to Good
2014-03-01,99.50869,99.3507825,0.43609663416370736,236.028,233.78216666666665,1.3890008250953212,7.1,7.533333333333334,-8.870967741935464,positive,positive,negative,Comfortable to Good
2014-04-01,99.5824,99.3785725,0.43739862188167944,236.468,234.17141666666666,1.4621079209969245,7.0,7.458333333333333,-9.044715447154484,positive,positive,negative,Comfortable to Good
2014-05-01,99.56865,99.37677166666667,0.375193680689101,236.918,234.59016666666665,1.526971666685295,6.9,7.383333333333334,-9.221311475409822,positive,positive,negative,Comfortable to Good
2014-06-01,99.54198,99.35804083333333,0.263693533443643,237.231,234.989,1.5559678808815036,6.8,7.300000000000001,-9.597523219814242,positive,positive,negative,Comfortable to Good
2014-07-01,99.53372,99.34179166666667,0.15198702308787393,237.498,235.3721666666667,1.5639124997213427,6.7,7.216666666666668,-9.979209979209958,positive,positive,negative,Comfortable to Good
2014-08-01,99.62952,99.35714166666668,0.1105301352347432,237.46,235.70583333333335,1.5786608209984676,6.6,7.133333333333333,-10.272536687631039,positive,positive,negative,Comfortable to Good
2014-09-01,99.83581,99.42172750000002,0.17784987528872698,237.477,236.03358333333335,1.627604330183896,6.5,7.041666666666667,-10.770855332629347,positive,positive,negative,Comfortable to Good
2014-10-01,100.1258,99.53029083333335,0.328790116330957,237.43,236.34699999999998,1.6884469099399224,6.4,6.95,-11.27659574468085,positive,positive,negative,Comfortable to Good
2014-11-01,100.4816,99.66005333333334,0.48531156374571616,236.983,236.58725,1.687868898963174,6.3,6.8500000000000005,-11.991434689507496,positive,positive,negative,Comfortable to Good
2014-12-01,100.8762,99.79715916666665,0.5949263921283698,236.252,236.715,1.6154632879984643,6.2,6.75,-12.621359223300976,positive,positive,negative,Comfortable to Good
2015-01-01,101.142,99.94187583333333,0.6864453845221608,234.747,236.66991666666664,1.4651147004497656,6.1,6.6499999999999995,-13.260869565217403,positive,positive,negative,Comfortable to Good
2015-02-01,101.1443,100.08088916666668,0.7749260825975268,235.342,236.65283333333332,1.3632729401350518,6.0,6.55,-13.815789473684214,positive,positive,negative,Comfortable to Good
2015-03-01,101.0472,100.20909833333333,0.8639245829124009,235.976,236.6485,1.2260701379418038,5.9,6.45,-14.380530973451332,positive,positive,negative,Comfortable to Good
2015-04-01,100.9922,100.32658166666666,0.9539371947274056,236.222,236.62800000000001,1.0490534533641238,5.8,6.3500000000000005,-14.860335195530716,positive,positive,negative,Comfortable to Good
2015-05-01,100.9113,100.43846916666666,1.0683557960216028,237.001,236.63491666666667,0.8716264748238389,5.8,6.258333333333333,-15.237020316027095,positive,positive,negative,Comfortable to Good
2015-06-01,100.9255,100.5537625,1.2034473069697738,237.657,236.67041666666668,0.7155299467918486,5.7,6.166666666666667,-15.52511415525114,positive,positive,negative,Comfortable to Good
2015-07-01,100.8101,100.66012749999999,1.3270707234241286,238.034,236.71508333333335,0.5705503270352796,5.6,6.074999999999999,-15.819861431870697,positive,positive,negative,Comfortable to Good
2015-08-01,100.6195,100.74262583333332,1.394448495020928,238.033,236.76283333333333,0.4484403228600664,5.5,5.983333333333333,-16.121495327102796,positive,positive,negative,Comfortable to Good
2015-09-01,100.4478,100.793625,1.3798769489294926,237.498,236.76458333333335,0.3097016914612727,5.4,5.891666666666667,-16.331360946745566,positive,positive,negative,Comfortable to Good
2015-10-01,100.4772,100.82290833333332,1.2987176960675084,237.733,236.78983333333335,0.1873657517689642,5.4,5.808333333333333,-16.426858513189458,positive,positive,negative,Comfortable to Good
2015-11-01,100.5944,100.83230833333334,1.176253635023805,238.017,236.876,0.12204799709198966,5.3,5.7250000000000005,-16.423357664233574,positive,positive,negative,Comfortable to Good
2015-12-01,100.692,100.81695833333333,1.0218719402258492,237.761,237.00175000000002,0.12113723253701636,5.3,5.6499999999999995,-16.29629629629631,positive,positive,negative,Comfortable to Good
2016-01-01,100.7052,100.78055833333333,0.8391702607209561,237.652,237.24383333333336,0.24249666994011765,5.2,5.575,-16.16541353383457,positive,positive,negative,Comfortable to Good
2016-02-01,100.6676,100.74083333333333,0.6594107747860178,237.336,237.41,0.3199482786669927,5.2,5.508333333333333,-15.903307888040718,positive,positive,negative,Comfortable to Good
2016-03-01,100.6275,100.70585833333332,0.49572345052699696,238.08,237.58533333333332,0.39587545804571356,5.1,5.441666666666666,-15.633074935400526,positive,positive,negative,Comfortable to Good
2016-04-01,100.6497,100.67731666666667,0.34959329239914183,238.992,237.81616666666665,0.5021242907291779,5.1,5.383333333333333,-15.223097112860906,positive,positive,negative,Comfortable to Good
2016-05-01,100.7728,100.665775,0.22631351833544144,239.557,238.02916666666667,0.5891987622283157,5.0,5.316666666666666,-15.046604527296935,positive,positive,negative,Comfortable to Good
2016-06-01,100.7506,100.6512,0.09690089915830313,240.222,238.24291666666667,0.6644260918400979,5.0,5.258333333333333,-14.729729729729746,positive,positive,negative,Comfortable to Good
2016-07-01,100.6031,100.63395000000001,-0.026005828375263995,240.101,238.41516666666666,0.718198143267168,5.0,5.208333333333333,-14.266117969821668,negative,positive,negative,Lean to Bad
2016-08-01,100.4966,100.62370833333334,-0.11804089779902105,240.545,238.62449999999998,0.786300214631086,4.9,5.158333333333334,-13.788300835654589,negative,positive,negative,Lean to Bad
2016-09-01,100.4773,100.62616666666666,-0.16613980629562874,241.176,238.93099999999995,0.9150087551804909,4.9,5.116666666666666,-13.154172560113164,negative,positive,negative,Lean to Bad
2016-10-01,100.5546,100.63261666666666,-0.18873852164383864,241.741,239.26500000000001,1.045301072188498,4.9,5.075,-12.625538020086069,negative,positive,negative,Lean to Bad
2016-11-01,100.8857,100.65689166666665,-0.1739687105910548,242.026,239.5990833333333,1.1495817783706785,4.9,5.041666666666667,-11.935953420669577,negative,positive,negative,Lean to Bad
2016-12-01,101.2251,100.70131666666668,-0.11470457805748957,242.637,240.00541666666663,1.2673605433996205,4.9,5.008333333333334,-11.356932153392318,negative,positive,negative,Lean to Bad
2017-01-01,101.3742,100.75706666666667,-0.023309720699260517,243.618,240.50258333333332,1.3735868090705372,4.9,4.983333333333333,-10.612855007473843,negative,positive,negative,Lean to Bad
2017-02-01,101.3618,100.81491666666666,0.07353853535061461,244.006,241.05841666666666,1.5367577889165096,4.8,4.95,-10.136157337367614,positive,positive,negative,Comfortable to Good
2017-03-01,101.3311,100.87355000000001,0.16651629750439323,243.892,241.54274999999998,1.6656822250531667,4.8,4.925,-9.494640122511488,positive,positive,negative,Comfortable to Good
2017-04-01,101.2912,100.92700833333333,0.2480118411313681,244.193,241.97616666666667,1.7492502962722645,4.7,4.891666666666667,-9.133126934984514,positive,positive,negative,Comfortable to Good
2017-05-01,101.2196,100.96424166666668,0.2964926924435618,244.004,242.34675000000001,1.813888354018256,4.7,4.866666666666667,-8.463949843260178,positive,positive,negative,Comfortable to Good
2017-06-01,101.1132,100.99445833333334,0.3410374971518859,244.163,242.67516666666666,1.8603910924249067,4.7,4.841666666666668,-7.923930269413604,positive,positive,negative,Comfortable to Good
2017-07-01,101.072,101.03353333333332,0.39706613258578827,244.243,243.02033333333335,1.9315745432861853,4.6,4.808333333333334,-7.679999999999987,positive,positive,negative,Comfortable to Good
2017-08-01,101.169,101.08956666666667,0.46297074620833545,245.183,243.40683333333334,2.0041250304697833,4.6,4.783333333333333,-7.269789983844932,positive,positive,negative,Comfortable to Good
2017-09-01,101.2904,101.157325,0.5278530932146586,246.435,243.84508333333335,2.0566955871500037,4.5,4.75,-7.166123778501621,positive,positive,negative,Comfortable to Good
2017-10-01,101.4409,101.23118333333333,0.5948038384506527,246.626,244.25216666666665,2.0843694926824474,4.4,4.708333333333333,-7.2249589490968935,positive,positive,negative,Comfortable to Good
2017-11-01,101.4207,101.27576666666666,0.6148361922892143,247.284,244.69033333333334,2.12490378893353,4.4,4.666666666666667,-7.438016528925617,positive,positive,negative,Comfortable to Good
2017-12-01,101.3377,101.28515,0.5797673284311466,247.805,245.12099999999998,2.1314449500271726,4.4,4.625,-7.65391014975042,positive,positive,negative,Comfortable to Good
2018-01-01,101.3671,101.28455833333332,0.5235282091049287,248.859,245.55774999999997,2.1019178241675096,4.3,4.575,-8.193979933110363,positive,positive,negative,Comfortable to Good
2018-02-01,101.5275,101.29836666666667,0.4795421312487669,249.529,246.018,2.0574196918381915,4.3,4.533333333333334,-8.417508417508401,positive,positive,negative,Comfortable to Good
2018-03-01,101.627,101.32302499999999,0.445582613083384,249.577,246.49175000000002,2.048912666598368,4.2,4.483333333333333,-8.967851099830792,positive,positive,negative,Comfortable to Good
2018-04-01,101.577,101.34684166666666,0.41597719011619017,250.227,246.99458333333334,2.0739301460130033,4.2,4.441666666666667,-9.199318568994874,positive,positive,negative,Comfortable to Good
2018-05-01,101.4924,101.369575,0.4014622668801149,250.792,247.56025,2.151256412557623,4.1,4.391666666666667,-9.76027397260275,positive,positive,negative,Comfortable to Good
2018-06-01,101.4354,101.39642499999998,0.3980086366124569,251.018,248.1315,2.2484102548605778,4.1,4.341666666666666,-10.327022375215178,positive,positive,negative,Comfortable to Good
2018-07-01,101.4044,101.424125,0.3865960674442892,251.214,248.71241666666666,2.3422251361682855,4.1,4.3,-10.571923743500877,positive,positive,negative,Comfortable to Good
2018-08-01,101.4155,101.44466666666665,0.35127265029326615,251.663,249.25241666666668,2.401569115082358,4.0,4.25,-11.149825783972123,positive,positive,negative,Comfortable to Good
2018-09-01,101.4975,101.46192500000001,0.30111511944390656,252.182,249.73133333333337,2.413930155792232,4.0,4.208333333333333,-11.403508771929827,positive,positive,negative,Comfortable to Good
2018-10-01,101.4799,101.465175,0.23114583763796936,252.772,250.2435,2.4529294520075906,4.0,4.175,-11.327433628318584,positive,positive,negative,Comfortable to Good
2018-11-01,101.3726,101.46116666666667,0.18306452382654825,252.594,250.686,2.450307940240104,3.9,4.133333333333333,-11.428571428571443,positive,positive,negative,Comfortable to Good
2018-12-01,101.2051,101.45011666666666,0.1628734979082891,252.767,251.0995,2.438999514525486,3.9,4.091666666666666,-11.531531531531547,positive,positive,negative,Comfortable to Good
2019-01-01,101.0046,101.41990833333331,0.1336334010111795,252.718,251.4210833333333,2.387761466837568,3.9,4.058333333333334,-11.29326047358834,positive,positive,negative,Comfortable to Good
2019-02-01,101.0577,101.38075833333333,0.08133563193351012,253.322,251.73716666666667,2.3246943990548052,3.9,4.0249999999999995,-11.213235294117673,positive,positive,negative,Comfortable to Good
2019-03-01,101.2718,101.35115833333333,0.027765982444116766,254.202,252.12258333333332,2.2843901807396483,3.8,3.9916666666666667,-10.966542750929364,positive,positive,negative,Comfortable to Good
2019-04-01,101.4288,101.33880833333335,-0.007926574919558949,255.211,252.53791666666666,2.2443137248286504,3.8,3.9583333333333335,-10.881801125703571,negative,positive,negative,Lean to Bad
2019-05-01,101.5151,101.34069999999998,-0.028484878229007027,255.29,252.91275,2.1620999332485624,3.8,3.933333333333333,-10.436432637571158,negative,positive,negative,Lean to Bad
2019-06-01,101.423,101.33966666666667,-0.05597666124156353,255.159,253.25783333333334,2.0659744261947166,3.8,3.908333333333333,-9.980806142034538,negative,positive,negative,Lean to Bad
2019-07-01,101.1953,101.32224166666667,-0.10045276045845819,255.685,253.63041666666666,1.9773841876946863,3.8,3.8833333333333333,-9.689922480620151,negative,positive,negative,Lean to Bad
2019-08-01,100.9047,101.279675,-0.16264203145227585,256.059,253.99675000000002,1.9034252091838733,3.7,3.858333333333333,-9.215686274509816,negative,positive,negative,Lean to Bad
2019-09-01,100.9046,101.23026666666665,-0.22832045945644364,256.511,254.3575,1.8524574409298333,3.7,3.8333333333333335,-8.910891089108897,negative,positive,negative,Lean to Bad
2019-10-01,101.1037,101.19891666666666,-0.2624135160988361,257.244,254.7301666666667,1.792920362233863,3.7,3.8083333333333336,-8.782435129740506,negative,positive,negative,Lean to Bad
2019-11-01,101.3675,101.19849166666667,-0.25889215414107714,257.803,255.16425,1.7863981235489934,3.7,3.7916666666666665,-8.266129032258062,negative,positive,negative,Lean to Bad
2019-12-01,101.5911,101.23065833333334,-0.21632142036306368,258.616,255.65166666666667,1.8128935607863328,3.7,3.775,-7.7393075356415375,negative,positive,negative,Lean to Bad
2020-01-01,101.5895,101.27940000000001,-0.13854117563535384,259.037,256.17825,1.8921112754731295,3.6,3.75,-7.597535934291589,negative,positive,negative,Lean to Bad
2020-02-01,101.1694,101.28870833333333,-0.09079632221465905,259.248,256.6720833333333,1.9603448835193715,3.6,3.725,-7.453416149068303,negative,positive,negative,Lean to Bad
2020-03-01,100.1898,101.19854166666669,-0.15058206455292877,258.124,256.9989166666667,1.934112077094774,3.7,3.716666666666667,-6.8893528183716075,negative,positive,negative,Lean to Bad
2020-04-01,99.1244,101.00650833333333,-0.3279099147357134,256.092,257.07233333333335,1.7955389537214872,4.5,3.775,-4.631578947368431,negative,positive,negative,Lean to Bad
2020-05-01,98.63362,100.76638500000001,-0.5667170248478404,255.868,257.1205,1.6637160443670806,5.3,3.9,-0.8474576271186418,negative,positive,negative,Lean to Bad
2020-06-01,98.58475,100.52986416666668,-0.7990972603685864,256.986,257.27275000000003,1.5853079898153988,5.9,4.075,4.264392324093835,negative,positive,positive,Lean to Bad
2020-07-01,98.60172,100.3137325,-0.9953482572804706,258.278,257.48883333333333,1.5212752150849385,6.5,4.3,10.729613733905573,negative,positive,positive,Lean to Bad
2020-08-01,98.7998,100.13832416666666,-1.1269297944857537,259.411,257.7681666666667,1.4848287100786228,6.9,4.566666666666667,18.35853131749463,negative,positive,positive,Lean to Bad
2020-09-01,99.10643,99.98847666666667,-1.2266983392318576,260.029,258.0613333333333,1.4561525936264363,7.2,4.858333333333333,26.7391304347826,negative,positive,positive,Lean to Bad
2020-10-01,99.2524,99.83420166666667,-1.3485470447229697,260.286,258.3148333333333,1.4072407338222348,7.5,5.175,35.88621444201312,negative,positive,positive,Lean to Bad
2020-11-01,99.21011,99.65441916666667,-1.5257860809684276,260.813,258.5656666666667,1.3330302605739863,7.8,5.516666666666667,45.49450549450549,negative,positive,positive,Lean to Bad
2020-12-01,99.21311,99.45625333333334,-1.7528336071442108,262.035,258.8505833333333,1.2512794101348756,8.1,5.883333333333333,55.84988962472406,negative,positive,positive,Lean to Bad
2021-01-01,99.21909,99.25871916666667,-1.9951548225338511,262.65,259.1516666666667,1.160682714737371,8.3,6.275000000000001,67.33333333333336,negative,positive,positive,Lean to Bad
2021-02-01,99.35609,99.10761000000001,-2.1533479587433346,263.638,259.5175,1.1085805007361893,8.5,6.683333333333334,79.41834451901566,negative,positive,positive,Lean to Bad
2021-03-01,99.71561,99.06809416666665,-2.105215613696698,264.914,260.0833333333333,1.200167186178147,8.7,7.099999999999999,91.0313901345291,negative,positive,positive,Lean to Bad
2021-04-01,99.95541,99.137345,-1.8505375189932116,266.67,260.96483333333333,1.5141652738464018,8.0,7.391666666666666,95.80573951434876,negative,positive,positive,Lean to Bad
2021-05-01,99.89777,99.24269083333333,-1.5121056160411928,268.444,262.0128333333334,1.9027395067034325,7.4,7.566666666666666,94.01709401709401,negative,positive,positive,Lean to Bad
2021-06-01,99.69176,99.33494166666667,-1.1886244052006,270.559,263.14391666666666,2.2820787147751265,6.9,7.650000000000001,87.73006134969327,negative,positive,positive,Lean to Bad
2021-07-01,99.23231,99.38749083333333,-0.9233448338358596,271.764,264.26775000000004,2.6327031657683575,6.5,7.650000000000001,77.90697674418607,negative,positive,positive,Lean to Bad
2021-08-01,98.67365,99.37697833333334,-0.7602941627684601,272.87,265.38933333333335,2.9565973041667304,6.2,7.591666666666666,66.24087591240873,negative,positive,positive,Lean to Bad
2021-09-01,98.38036,99.31647249999999,-0.6720816128712004,274.028,266.5559166666667,3.291691639196892,6.0,7.491666666666666,54.202401372212684,negative,positive,positive,Lean to Bad
2021-10-01,98.19716,99.22853583333331,-0.6066716848756926,276.522,267.9089166666667,3.7141046874969996,5.8,7.3500000000000005,42.02898550724639,negative,positive,positive,Lean to Bad
2021-11-01,98.0378,99.13084333333332,-0.5253914856075736,278.711,269.4004166666667,4.1903281822670335,5.6,7.166666666666667,29.90936555891239,negative,positive,positive,Lean to Bad
2021-12-01,97.93823,99.02460333333333,-0.43400991444279,280.887,270.9714166666667,4.682559790767349,5.3,6.933333333333334,17.847025495750724,negative,positive,positive,Lean to Bad
2022-01-01,97.70746,98.89863416666667,-0.36277417543074675,282.599,272.6338333333333,5.202423291380187,5.2,6.675,6.374501992031845,negative,positive,positive,Lean to Bad
2022-02-01,97.40553,98.7360875,-0.3748677826052038,284.61,274.3815,5.727552091862798,5.0,6.383333333333333,-4.488778054862852,negative,positive,negative,Lean to Bad
2022-03-01,97.17229,98.52414416666666,-0.5490667854020526,287.472,276.2613333333333,6.220314001922467,4.7,6.050000000000001,-14.788732394366178,negative,positive,negative,Lean to Bad
2022-04-01,97.009,98.27861,-0.8662073812850224,288.611,278.08975000000004,6.562154926366204,4.5,5.758333333333334,-22.09695603156706,negative,positive,negative,Lean to Bad
2022-05-01,96.60963,98.00459833333332,-1.2475402365694,291.268,279.99174999999997,6.861845825617929,4.4,5.508333333333333,-27.202643171806173,negative,positive,negative,Lean to Bad
2022-06-01,96.20984,97.71443833333332,-1.6313527809491135,294.728,282.0058333333333,7.167909068770029,4.2,5.283333333333334,-30.936819172113296,negative,positive,negative,Lean to Bad
2022-07-01,96.18243,97.46028166666667,-1.939086247683286,294.628,283.91116666666665,7.433149397407224,4.0,5.075,-33.660130718954264,negative,positive,negative,Lean to Bad
2022-08-01,96.44378,97.27445916666666,-2.1157004388021816,295.32,285.782,7.684056631263747,3.9,4.883333333333334,-35.67508232711305,negative,positive,negative,Lean to Bad
2022-09-01,96.65869,97.13098666666667,-2.200527040802136,296.539,287.6579166666666,7.916537837120452,3.8,4.7,-37.26362625139043,negative,positive,negative,Lean to Bad
2022-10-01,96.77125,97.01216083333334,-2.233606473567895,297.987,289.44666666666666,8.039206110783281,3.7,4.525,-38.435374149659864,negative,positive,negative,Lean to Bad
2022-11-01,96.83717,96.91210833333334,-2.238188363372795,298.598,291.1039166666667,8.056223620045145,3.7,4.366666666666666,-39.06976744186047,negative,positive,negative,Lean to Bad
2022-12-01,97.05321,96.83835666666668,-2.2077812917940975,298.99,292.6125,7.986481969039172,3.6,4.2250000000000005,-39.062499999999986,negative,positive,negative,Lean to Bad
2023-01-01,97.33643,96.80743749999999,-2.1144848806936345,300.536,294.10725,7.876284613734064,3.6,4.091666666666667,-38.701622971285886,negative,positive,negative,Lean to Bad
